HomeTeam,AwayTeam,FTR,Predicted FTHG,Predicted FTAG
1,37,1.0,1.76,0.11
7,32,1.0,3.29,0.87
14,5,0.0,1.63,2.8
18,15,1.0,2.37,1.16
24,35,1.0,1.7,0.71
33,21,0.0,0.11,1.17
38,39,1.0,2.42,0.83
2,22,1.0,1.94,1.38
12,27,1.0,3.99,0.1
23,25,0.5,1.12,1.51
5,18,0.5,1.11,1.13
15,1,1.0,2.21,0.29
21,24,1.0,1.74,0.74
25,7,1.0,1.31,0.06
32,2,1.0,2.89,1.42
35,33,0.0,0.68,1.71
37,14,0.0,0.79,2.09
22,38,1.0,2.64,0.08
39,12,0.0,0.37,1.54
27,23,0.0,0.52,1.6
1,25,1.0,2.89,0.02
7,37,0.5,0.11,0.16
14,27,0.0,0.46,3.06
18,39,0.0,0.19,3.96
24,32,1.0,1.88,0.74
38,5,1.0,3.69,1.12
2,21,0.5,0.05,0.13
12,35,0.5,1.1,1.36
33,22,0.0,0.2,2.83
5,1,0.0,0.51,3.33
15,7,1.0,3.01,0.77
21,23,1.0,2.34,1.06
22,12,0.0,1.02,2.18
25,18,0.0,0.93,1.92
27,24,1.0,2.15,1.16
37,38,1.0,3.05,2.07
39,33,0.5,1.28,1.22
32,14,0.0,1.53,2.84
35,2,0.0,0.77,1.97
5,15,1.0,1.63,0.04
7,1,0.0,1.19,2.86
21,32,0.5,0.17,0.19
33,24,1.0,1.76,0.04
38,25,1.0,3.05,0.83
12,23,0.5,1.64,1.35
18,14,0.5,1.66,1.67
22,27,1.0,4.88,0.08
35,39,0.5,0.12,0.07
37,2,0.0,1.14,2.31
1,18,0.0,0.75,1.82
2,33,1.0,2.43,1.08
14,21,0.0,0.18,1.85
15,38,0.0,0.8,2.3
23,7,1.0,2.01,0.12
24,37,0.0,0.07,1.14
25,5,0.0,0.89,2.33
32,12,0.0,0.07,2.03
27,35,1.0,1.85,0.2
39,22,1.0,2.63,1.21
5,23,0.0,0.19,1.98
33,1,0.5,0.75,0.7
37,15,1.0,1.63,0.07
39,24,0.0,0.08,1.34
12,2,1.0,2.21,0.2
14,25,0.5,2.01,1.98
22,21,0.0,2.06,2.79
27,32,1.0,1.92,0.77
35,18,0.0,0.21,1.51
38,7,0.0,0.7,3.08
1,14,1.0,2.71,1.14
2,27,0.5,0.1,0.07
7,5,0.5,0.13,0.14
15,33,0.5,0.21,0.12
21,39,1.0,3.34,2.14
23,37,1.0,3.28,0.1
24,12,0.0,0.13,3.99
18,38,1.0,1.49,0.06
32,35,1.0,2.33,1.09
25,22,0.5,1.68,1.51
5,24,0.5,0.77,0.7
14,23,0.5,1.05,1.17
33,25,1.0,2.26,1.06
37,18,0.0,0.3,2.57
12,21,0.0,0.19,1.29
22,32,1.0,2.64,0.16
27,15,0.5,0.31,0.76
35,7,1.0,2.35,0.27
38,1,0.0,0.17,2.1
39,2,0.0,0.43,2.05
25,37,1.0,2.48,0.72
1,35,0.5,1.4,3.09
2,5,1.0,3.18,1.91
7,14,0.0,0.09,1.22
15,39,1.0,2.16,0.15
18,12,0.0,0.14,2.74
21,27,1.0,1.29,0.16
23,38,1.0,2.36,0.1
24,22,1.0,1.82,0.14
32,33,1.0,1.35,0.1
12,33,1.0,4.92,0.12
14,15,1.0,1.3,0.04
23,18,1.0,3.81,2.26
24,38,0.5,1.18,1.52
27,39,0.0,0.74,2.01
32,1,1.0,2.66,0.57
35,21,1.0,2.06,1.04
37,5,0.5,1.08,1.6
7,22,1.0,1.29,0.02
25,2,1.0,1.85,0.22
1,23,1.0,2.13,0.79
18,7,0.0,0.08,1.19
21,37,1.0,2.86,0.11
33,27,0.0,1.04,2.07
38,14,0.0,0.74,2.49
39,32,0.5,0.2,0.22
2,24,0.0,1.09,2.16
5,12,0.0,0.46,2.01
15,25,1.0,1.82,0.26
22,35,0.0,1.07,2.18
1,2,0.0,0.11,1.97
5,33,0.0,1.04,2.06
7,21,0.0,0.48,2.09
15,35,1.0,2.23,1.05
23,32,1.0,2.8,0.15
25,39,0.5,1.77,1.76
37,12,0.0,0.54,3.92
38,27,0.5,0.09,0.45
14,24,0.5,1.14,1.08
18,22,0.5,2.07,2.25
2,23,0.5,0.02,0.07
12,25,0.5,0.06,0.12
21,15,0.5,0.21,0.2
22,1,1.0,3.09,0.1
24,7,0.0,0.84,2.75
27,18,0.5,1.25,1.5
32,37,1.0,1.11,0.03
33,38,0.0,0.14,2.24
35,5,1.0,1.32,0.28
39,14,1.0,1.37,0.11
2,15,0.5,0.06,0.06
24,25,0.5,0.2,0.09
32,18,0.5,1.09,1.06
33,7,0.0,1.16,3.79
39,37,1.0,1.9,0.82
12,1,0.0,1.34,2.23
22,23,0.0,0.27,1.15
27,5,1.0,2.55,1.48
35,14,0.0,0.03,1.11
21,38,0.5,0.21,0.42
1,39,1.0,2.04,0.14
5,21,0.0,0.74,2.43
7,12,0.0,0.19,2.45
15,22,0.5,1.37,1.16
18,24,1.0,1.94,0.69
23,33,1.0,1.27,0.02
25,32,0.5,2.17,1.78
14,2,0.0,1.21,3.14
37,27,0.5,1.1,1.1
38,35,0.0,0.15,1.69
2,7,1.0,3.64,1.76
21,18,0.5,2.26,2.1
22,14,0.0,0.16,1.27
24,1,0.5,1.2,1.25
32,15,0.5,0.19,0.1
33,37,1.0,3.92,0.12
35,23,0.5,0.05,0.29
39,5,1.0,2.89,0.63
12,38,0.5,1.14,1.21
27,25,0.0,0.04,2.3
5,32,1.0,3.35,0.27
7,27,1.0,2.34,1.16
15,24,1.0,2.7,0.04
18,33,0.0,1.13,3.61
38,2,0.0,0.23,1.51
1,21,0.5,1.18,1.31
25,35,1.0,2.37,1.38
37,22,1.0,1.71,0.15
14,12,0.5,0.11,0.15
2,1,0.5,2.16,1.78
12,37,1.0,2.39,0.19
21,7,1.0,2.63,0.06
22,18,1.0,5.06,0.74
24,14,0.0,0.46,1.17
27,38,0.0,1.03,3.39
32,23,0.0,0.07,1.35
33,5,0.5,0.15,0.22
35,15,0.5,0.12,0.12
39,25,1.0,2.02,0.84
1,27,1.0,1.14,0.02
5,22,0.5,1.36,1.64
7,39,0.0,0.22,1.84
14,33,1.0,2.83,0.03
15,12,0.5,1.72,1.8
25,21,0.0,1.13,4.32
37,35,1.0,1.83,0.12
38,32,1.0,2.18,1.03
23,24,1.0,1.2,0.25
18,2,0.0,0.15,1.35
1,7,1.0,1.37,0.07
2,37,1.0,2.94,0.81
14,18,1.0,2.67,0.2
24,33,0.5,1.05,1.13
25,38,0.5,1.53,1.93
32,21,0.5,0.2,0.08
23,12,1.0,2.71,0.7
39,35,1.0,1.19,0.18
23,39,1.0,2.65,0.09
5,25,1.0,2.32,0.08
7,23,0.0,0.11,1.32
12,32,1.0,1.95,0.6
18,1,0.0,1.0,2.76
22,39,1.0,1.29,0.16
33,2,0.0,1.15,2.63
37,24,1.0,2.78,0.28
35,27,0.5,0.37,0.78
38,15,1.0,2.89,1.18
21,14,0.5,0.64,0.69
27,2,0.0,0.19,1.55
33,15,1.0,1.4,0.41
35,32,1.0,3.25,0.33
37,23,0.0,0.28,4.35
5,7,0.5,1.86,2.11
12,24,1.0,2.02,0.15
14,1,0.5,0.85,0.84
22,25,1.0,2.24,0.44
38,18,1.0,2.08,0.71
39,21,0.5,1.13,1.09
1,38,0.5,0.3,0.08
2,39,0.5,0.2,0.15
7,35,1.0,2.58,1.38
15,27,1.0,2.87,0.87
18,37,0.5,1.9,1.81
23,14,1.0,1.51,0.15
24,5,0.5,0.09,0.05
32,22,1.0,1.63,0.17
21,12,1.0,1.98,0.13
25,33,0.5,1.07,1.07
5,2,0.0,0.13,2.01
12,18,0.5,0.4,0.05
14,7,1.0,2.82,0.29
22,24,1.0,1.22,0.07
27,21,0.0,1.38,2.38
33,32,1.0,1.91,0.14
37,25,0.0,1.12,3.19
39,15,0.5,0.44,0.08
35,1,0.5,0.37,0.19
38,23,0.0,0.06,1.29
27,22,1.0,1.65,0.04
23,15,1.0,3.16,0.11
1,33,0.5,0.15,0.14
2,12,0.0,0.13,1.31
7,38,1.0,2.26,0.98
23,5,1.0,2.38,1.14
24,39,0.5,0.21,0.37
32,27,0.5,1.54,1.38
15,37,1.0,2.05,0.09
21,22,0.5,0.82,0.73
25,14,0.5,0.03,0.11
18,35,0.0,1.04,2.74
1,15,0.5,0.36,0.07
12,39,1.0,3.25,0.73
14,37,1.0,2.24,0.41
24,21,1.0,2.13,0.33
2,32,0.5,1.75,1.65
7,25,1.0,1.26,0.06
18,5,0.0,0.87,2.86
38,22,1.0,1.2,0.02
21,33,1.0,1.85,0.37
27,12,0.0,0.1,1.31
37,1,0.0,1.21,3.33
5,14,0.5,0.12,0.09
15,18,0.0,0.17,1.87
22,2,1.0,2.3,0.23
25,23,0.0,1.03,2.23
32,7,1.0,1.91,0.39
35,24,1.0,4.11,0.49
39,38,0.0,0.28,2.62
33,35,0.5,1.43,1.17
15,5,0.0,1.05,2.13
1,5,1.0,3.31,0.37
7,15,0.0,1.1,2.86
14,32,1.0,2.88,0.84
18,25,0.5,1.2,1.14
23,21,0.0,1.21,2.75
24,27,0.5,1.19,1.04
33,39,0.0,1.41,2.78
2,35,0.0,0.74,1.89
12,22,1.0,1.57,0.09
38,37,0.5,0.09,0.18
5,38,0.5,1.13,1.13
15,23,1.0,2.02,0.15
25,1,0.0,0.87,2.35
27,14,1.0,2.31,1.11
32,24,1.0,1.23,0.07
35,12,1.0,1.12,0.11
37,7,0.5,0.83,0.84
21,2,1.0,5.15,0.17
22,33,1.0,1.69,0.19
39,18,1.0,1.1,0.12
1,22,1.0,2.02,0.1
5,35,1.0,2.14,1.22
7,24,1.0,3.61,1.59
15,21,0.0,0.23,1.25
18,27,0.5,0.13,0.09
25,12,0.0,0.21,1.75
37,32,0.0,0.28,1.94
38,33,1.0,2.05,0.16
14,39,1.0,3.2,0.14
23,2,1.0,2.76,1.7
12,7,1.0,3.27,1.97
21,5,1.0,3.66,0.43
24,18,1.0,2.87,1.19
27,37,0.5,1.75,1.87
32,25,0.5,1.16,1.17
33,23,0.0,0.8,1.85
35,38,1.0,1.23,0.07
39,1,0.0,1.11,3.48
2,14,0.5,2.8,2.79
22,15,0.0,1.23,2.72
2,38,0.5,1.11,1.1
24,15,0.5,0.15,0.05
27,7,1.0,1.36,0.08
32,5,1.0,1.59,0.11
33,18,1.0,2.31,0.38
22,37,1.0,3.52,1.74
35,25,1.0,1.16,0.22
21,1,0.5,3.03,1.13
12,14,0.5,0.13,0.26
23,27,1.0,2.24,0.07
7,2,0.5,1.17,1.22
14,22,0.0,0.82,1.91
15,32,1.0,1.67,0.04
18,21,0.0,0.8,2.7
23,35,1.0,2.19,2.02
37,33,1.0,1.96,0.11
38,12,0.0,0.12,1.58
1,24,1.0,3.28,0.08
5,39,1.0,2.44,0.27
25,27,0.5,0.44,0.1
12,15,1.0,2.99,1.26
22,5,1.0,4.04,0.34
24,23,0.0,0.33,2.0
27,1,0.0,0.16,2.94
32,38,0.0,0.13,1.37
35,37,1.0,2.82,0.21
39,7,0.5,0.08,0.33
21,25,1.0,3.83,0.1
33,14,0.0,0.13,1.58
2,18,1.0,1.35,0.19
5,27,1.0,1.91,0.09
7,33,0.5,0.72,0.5
14,35,0.5,0.39,0.27
15,2,1.0,2.37,1.07
18,32,0.0,0.71,2.12
37,39,1.0,2.95,1.22
38,21,0.0,0.12,2.93
1,12,0.0,0.79,3.71
23,22,1.0,3.23,0.46
25,24,1.0,3.0,1.28
39,23,0.0,1.17,2.35
7,18,0.5,1.13,1.09
14,38,1.0,2.73,1.2
23,1,0.5,0.19,0.18
24,2,0.5,1.2,1.94
25,15,0.0,0.46,1.26
32,39,1.0,1.9,0.2
35,22,1.0,2.45,0.77
12,5,1.0,2.37,0.02
37,21,0.0,0.16,2.08
27,33,1.0,2.36,0.66
1,32,1.0,4.35,1.48
2,25,1.0,1.48,0.11
5,37,0.5,0.12,0.26
15,14,0.0,0.27,1.93
18,23,0.0,0.82,1.26
21,35,1.0,2.67,0.77
22,7,1.0,2.04,0.13
33,12,0.0,1.28,2.4
38,24,1.0,2.06,0.62
39,27,1.0,1.46,0.73
2,39,0.0,0.14,1.87
5,22,0.0,0.08,1.98
7,33,0.0,0.65,1.36
12,18,1.0,2.42,1.03
14,1,0.0,0.76,5.29
27,15,0.0,0.3,2.69
32,10,1.0,2.11,0.12
40,38,0.0,0.27,2.18
23,4,1.0,1.49,0.07
35,21,1.0,2.01,0.5
33,12,0.0,1.06,2.86
39,40,0.0,0.35,1.61
4,27,1.0,1.16,0.06
10,23,1.0,1.27,0.21
18,35,0.0,1.27,5.17
21,32,1.0,3.66,0.06
1,27,1.0,2.67,1.46
4,32,0.5,0.13,0.07
18,7,1.0,2.06,0.63
22,40,1.0,1.84,0.07
33,5,1.0,2.22,1.07
39,23,0.0,0.08,4.1
10,14,1.0,1.99,0.19
15,12,0.0,0.13,2.2
38,35,0.0,0.62,1.85
21,2,0.0,0.96,2.7
5,38,0.5,0.3,0.14
7,21,0.0,1.71,2.83
12,10,1.0,2.87,0.04
23,1,1.0,2.18,1.22
32,33,1.0,1.57,0.17
35,4,1.0,1.77,0.17
40,18,0.5,1.12,1.09
2,15,1.0,2.13,0.07
14,39,1.0,1.47,0.76
27,22,0.0,0.18,1.99
5,40,1.0,3.85,0.77
21,10,1.0,3.56,0.11
22,1,1.0,3.43,1.5
27,7,0.0,1.78,3.09
32,12,0.0,1.15,2.13
33,18,1.0,3.28,1.04
35,23,0.0,1.5,2.99
39,38,1.0,1.29,0.05
4,2,0.0,0.19,1.31
15,14,1.0,2.2,1.03
1,39,1.0,3.3,0.16
2,27,1.0,2.33,0.11
7,32,0.5,0.79,0.74
10,33,1.0,3.05,1.18
18,4,0.0,0.06,1.07
38,21,0.0,2.13,3.11
12,35,1.0,2.91,0.1
14,5,1.0,2.56,0.06
23,22,1.0,2.89,1.21
40,15,1.0,2.04,0.82
4,7,0.0,0.85,2.04
5,2,1.0,2.31,1.15
15,1,0.0,0.07,1.32
21,18,1.0,5.05,1.05
27,14,0.0,0.18,1.27
32,23,0.0,0.07,1.97
35,10,1.0,4.02,0.12
39,12,1.0,2.68,0.8
33,40,1.0,2.55,1.51
22,38,1.0,3.53,1.51
7,35,0.5,1.78,1.86
10,4,1.0,2.05,0.31
18,39,1.0,1.9,0.96
23,33,0.5,1.62,1.69
40,27,0.0,0.28,1.47
1,5,1.0,5.45,2.19
12,21,1.0,1.38,0.07
14,32,0.5,0.75,0.36
38,15,0.5,1.66,1.79
2,22,0.5,1.05,1.04
1,4,1.0,3.05,1.12
2,12,1.0,2.39,1.13
14,40,0.5,0.76,0.78
23,7,1.0,2.47,0.7
27,35,0.0,0.87,2.36
32,38,1.0,2.24,1.11
33,21,1.0,1.38,0.19
5,10,1.0,3.39,1.79
39,22,0.5,1.17,1.22
15,18,1.0,2.41,0.13
4,33,1.0,1.87,0.83
10,39,0.0,1.15,2.74
12,5,1.0,4.15,0.08
18,27,0.5,0.2,0.16
35,32,0.0,0.06,1.1
40,2,0.5,0.72,0.78
7,14,1.0,2.85,1.86
21,23,1.0,1.57,0.07
22,15,0.5,1.46,0.22
38,1,0.5,1.97,2.12
1,35,1.0,2.99,0.23
7,12,0.0,0.23,2.09
10,18,1.0,1.61,0.13
14,2,0.5,1.17,1.31
15,21,1.0,2.77,1.1
23,5,1.0,2.13,0.07
27,39,1.0,3.77,0.08
32,40,0.5,2.16,1.87
33,38,0.5,2.23,2.37
4,22,0.5,0.55,0.23
38,2,1.0,2.18,0.7
2,7,1.0,4.33,1.18
5,27,1.0,2.21,1.1
22,10,0.5,2.67,2.68
35,33,1.0,1.91,0.09
40,1,0.0,0.84,3.93
12,23,1.0,1.38,0.05
18,32,1.0,2.23,1.01
38,14,0.0,0.84,2.1
39,15,0.5,1.25,1.34
21,4,0.5,2.31,2.22
4,15,1.0,1.4,0.17
10,2,0.5,1.07,1.25
12,40,1.0,4.78,0.09
18,38,0.5,2.83,2.71
21,22,0.5,1.38,1.48
23,14,1.0,2.79,0.17
33,1,1.0,1.33,0.09
7,5,0.0,0.09,1.88
32,27,1.0,1.18,0.02
35,39,1.0,6.88,0.8
15,5,1.0,2.93,0.25
18,14,1.0,3.23,0.27
2,35,0.5,1.09,1.02
5,32,0.5,0.08,0.13
15,7,0.5,1.14,1.13
22,18,0.5,1.32,1.13
27,23,0.0,1.04,2.16
38,10,1.0,4.55,0.6
39,33,1.0,2.08,0.25
1,12,0.0,0.34,2.51
14,21,0.0,0.53,2.01
40,4,0.0,0.2,1.42
1,32,1.0,2.32,0.18
2,18,1.0,2.79,0.16
5,21,0.5,0.1,0.18
22,12,1.0,2.29,1.16
27,10,1.0,1.81,0.05
38,23,0.0,0.25,3.46
39,4,0.0,1.7,3.0
40,7,1.0,1.9,0.95
14,35,0.5,1.51,1.41
15,33,1.0,1.21,0.1
4,38,1.0,1.2,0.27
7,22,0.5,2.33,2.74
10,15,0.5,0.81,0.75
12,14,0.5,2.43,2.76
18,5,0.5,0.04,0.07
23,2,0.0,0.57,2.33
32,39,0.5,1.83,1.53
33,27,0.5,1.06,1.12
35,40,0.0,0.16,1.43
21,1,0.0,1.11,2.28
4,5,1.0,2.09,0.78
7,38,1.0,2.33,0.82
23,40,1.0,2.89,0.11
33,2,0.0,0.21,2.08
10,1,0.5,1.07,1.4
12,27,1.0,1.97,0.25
21,39,1.0,4.07,0.69
35,22,1.0,2.63,0.1
1,18,1.0,2.41,0.08
2,32,1.0,1.27,0.17
5,35,0.0,0.21,1.97
15,23,1.0,2.81,0.14
22,33,1.0,4.91,2.61
27,21,1.0,2.11,0.23
14,4,0.5,1.12,1.11
38,12,0.5,1.11,1.4
40,10,1.0,2.01,0.2
4,12,0.5,0.06,0.13
10,7,0.5,1.27,1.07
15,35,0.5,0.33,0.06
21,40,1.0,1.92,0.31
22,32,1.0,2.46,0.02
33,14,0.5,1.26,1.12
38,27,1.0,1.89,0.34
39,5,0.5,1.07,1.09
1,2,1.0,2.81,0.14
18,23,0.0,0.91,2.64
5,33,0.5,0.26,0.28
12,15,1.0,2.09,1.04
14,10,1.0,1.8,0.04
32,4,0.0,0.14,1.1
35,38,1.0,2.08,0.25
40,22,0.0,0.14,2.56
2,21,0.0,0.04,1.27
7,18,0.5,1.86,1.69
23,39,1.0,4.72,0.09
27,1,0.0,0.78,3.51
32,15,1.0,3.28,1.3
1,14,0.5,1.31,1.8
4,23,0.5,1.04,1.19
22,5,1.0,3.67,0.69
12,33,1.0,6.5,1.3
14,22,1.0,2.49,0.19
23,10,1.0,2.57,0.01
32,21,0.5,0.19,0.72
35,18,0.5,0.33,0.08
40,39,0.0,0.48,2.07
2,38,0.5,0.3,0.16
5,15,1.0,1.8,0.18
7,1,0.0,0.34,2.14
1,7,1.0,3.86,2.07
21,35,1.0,1.91,0.38
23,18,1.0,3.62,0.1
7,10,1.0,1.33,0.2
27,38,0.5,0.8,0.99
35,15,1.0,1.99,0.22
40,21,0.5,0.26,0.17
2,1,0.5,0.11,0.17
5,39,1.0,2.21,0.86
12,4,1.0,2.94,0.08
14,33,1.0,2.36,0.07
4,35,0.5,0.87,0.29
10,12,0.0,0.89,2.03
15,2,0.0,0.32,2.33
18,40,0.5,1.84,1.93
21,7,1.0,2.29,0.06
38,5,0.5,0.09,0.1
39,14,0.0,0.18,1.28
1,23,0.0,0.54,3.02
22,27,1.0,2.69,0.12
33,32,0.5,0.07,0.03
18,12,0.5,1.08,1.07
15,27,1.0,1.15,0.14
7,15,0.5,0.06,0.02
10,38,1.0,1.91,0.76
18,22,1.0,1.96,0.83
21,14,1.0,1.23,0.08
23,27,1.0,2.8,0.13
32,5,1.0,3.2,0.45
33,39,0.5,1.59,1.2
35,2,0.5,0.08,0.11
4,40,1.0,2.15,1.09
12,1,1.0,2.5,0.21
15,10,1.0,3.0,0.05
22,7,1.0,2.04,0.26
27,33,0.5,1.41,1.26
39,32,0.5,1.29,1.3
1,21,1.0,1.27,0.1
2,23,0.5,1.01,1.15
5,18,1.0,1.26,0.5
14,12,1.0,2.16,1.02
38,4,1.0,2.19,0.2
40,35,1.0,1.26,0.25
32,22,0.5,0.79,0.82
39,7,0.5,0.15,0.54
1,33,1.0,2.0,0.02
14,23,1.0,2.68,1.33
27,32,0.0,1.1,2.27
38,18,1.0,2.06,0.23
40,12,0.0,0.14,2.14
2,10,1.0,4.26,1.71
5,7,1.0,2.8,0.15
15,4,1.0,2.08,1.13
22,21,0.5,0.18,0.2
39,35,0.0,0.78,2.27
23,38,1.0,2.84,0.51
4,39,1.0,1.53,0.58
7,40,1.0,1.53,0.5
10,27,0.0,1.01,2.04
12,22,0.0,1.7,3.75
32,1,0.0,1.15,3.05
21,5,1.0,2.42,1.09
33,15,0.5,0.05,0.02
35,14,1.0,2.32,0.81
1,10,1.0,3.01,0.75
38,7,0.0,0.98,2.4
40,23,0.0,0.07,1.64
14,18,1.0,3.89,1.07
39,21,1.0,1.4,0.26
27,4,0.0,0.81,2.2
33,7,1.0,3.24,0.2
10,32,0.5,1.04,1.03
4,14,0.5,2.14,2.16
7,39,1.0,3.32,0.73
10,40,0.0,0.83,2.01
12,38,1.0,3.76,1.08
18,1,0.0,1.26,3.14
32,2,0.5,0.2,0.53
35,5,1.0,2.87,0.75
23,15,1.0,2.42,0.17
33,22,0.5,1.49,1.62
21,27,1.0,4.34,0.72
39,2,0.0,1.05,2.37
1,38,1.0,2.28,0.18
2,40,0.5,2.12,2.05
14,7,1.0,1.42,0.02
27,18,1.0,3.13,1.74
32,35,0.0,0.33,1.9
33,4,1.0,2.7,0.71
39,10,1.0,1.24,0.1
5,12,0.5,1.16,1.27
15,22,0.0,0.76,2.45
23,21,1.0,2.23,1.11
38,40,0.0,0.94,2.85
2,33,0.5,1.06,1.08
5,4,1.0,1.88,0.78
22,14,0.0,0.19,2.0
27,12,0.0,0.24,3.88
4,1,0.5,0.74,0.87
7,23,0.0,0.39,3.3
12,2,1.0,5.27,1.21
18,15,1.0,1.97,0.19
35,27,1.0,2.35,0.07
38,32,0.0,0.11,1.35
40,14,0.5,0.08,0.11
10,5,0.0,0.1,1.35
21,33,1.0,3.19,0.04
22,39,1.0,2.51,0.07
1,40,1.0,1.37,0.17
7,2,0.0,0.13,1.37
10,22,0.0,0.7,5.33
23,12,0.0,0.82,2.33
27,5,0.5,0.16,0.22
32,18,1.0,1.91,0.06
33,35,1.0,2.54,0.75
4,21,0.5,0.73,0.77
14,38,0.5,1.81,1.86
15,39,1.0,2.07,1.08
18,10,0.0,1.15,3.65
38,33,1.0,1.73,0.08
5,23,0.5,0.1,0.09
21,15,0.5,0.5,0.14
22,4,1.0,4.87,1.06
40,32,0.5,0.18,0.23
12,7,1.0,1.44,0.11
2,14,0.5,1.79,1.77
35,1,1.0,2.21,0.88
39,27,0.5,0.11,0.26
4,18,0.5,0.01,0.26
5,14,0.0,1.42,2.67
15,40,0.5,0.13,0.14
22,23,0.0,0.11,1.31
32,7,0.0,1.07,2.19
33,10,1.0,2.24,0.84
35,12,1.0,3.38,0.81
27,2,0.0,1.06,2.2
39,1,1.0,2.84,1.75
21,38,1.0,3.02,0.16
18,2,0.0,0.43,2.1
1,22,0.5,0.13,0.27
7,27,0.5,2.14,1.92
18,33,0.0,0.2,1.35
23,35,1.0,2.38,0.8
38,39,1.0,3.32,1.26
40,5,0.5,1.08,1.1
2,4,1.0,2.32,0.12
10,21,0.0,0.07,3.14
12,32,1.0,6.11,0.14
14,15,1.0,2.74,1.05
4,10,1.0,2.36,0.9
22,2,1.0,3.13,1.04
27,40,1.0,2.99,1.33
32,14,0.5,0.13,0.04
35,7,1.0,1.43,0.17
15,38,1.0,2.95,1.51
21,12,0.0,0.18,2.11
33,23,0.0,0.2,1.28
5,1,1.0,2.17,1.13
39,18,0.5,1.62,1.43
15,32,0.0,0.42,1.34
22,35,0.0,0.04,1.25
1,15,1.0,3.6,0.08
2,5,0.0,0.32,1.69
7,4,1.0,2.03,0.92
10,35,1.0,3.79,2.12
12,39,1.0,6.39,0.31
14,27,1.0,1.33,0.1
18,21,0.5,0.13,0.39
23,32,1.0,3.72,0.3
38,22,0.5,1.1,1.09
40,33,1.0,2.34,1.09
2,38,1.0,3.01,0.18
5,14,1.0,2.05,0.13
7,15,0.5,0.02,0.08
12,37,1.0,4.44,0.06
33,4,0.5,1.81,1.89
35,22,0.5,0.12,0.18
39,6,0.0,0.27,3.7
40,32,1.0,2.29,0.76
21,1,0.5,0.83,0.45
23,25,1.0,3.03,0.22
1,6,1.0,5.75,0.26
4,5,1.0,2.09,0.94
14,40,0.5,1.2,1.22
32,35,0.0,1.37,2.66
37,33,1.0,1.29,0.31
38,7,0.0,0.78,2.69
39,12,0.0,0.23,4.82
15,23,0.5,1.71,1.68
25,2,1.0,5.52,0.12
22,21,1.0,2.64,0.18
5,1,0.0,1.13,2.39
6,15,0.5,1.72,1.79
12,32,1.0,2.04,0.09
23,38,1.0,2.49,0.33
35,39,0.0,0.2,1.16
40,25,0.5,1.56,1.14
2,14,1.0,1.32,0.4
7,4,0.5,1.79,1.55
21,37,1.0,1.41,0.21
33,22,1.0,1.35,0.3
1,7,1.0,3.58,1.13
14,23,0.5,2.43,2.54
15,40,1.0,2.12,1.15
22,5,0.5,1.13,1.09
25,6,0.0,0.45,1.94
37,35,0.5,1.09,1.12
38,12,0.0,0.75,2.92
39,33,0.5,0.92,0.73
4,21,0.5,0.08,0.07
32,2,1.0,2.19,1.25
2,7,0.5,1.13,1.15
5,15,0.5,1.43,1.3
14,25,0.0,0.24,2.06
32,38,0.5,1.1,1.03
33,1,0.5,1.62,1.03
35,40,1.0,2.68,1.08
37,4,1.0,2.84,1.11
12,6,1.0,4.73,0.07
23,21,1.0,1.74,1.46
39,22,0.0,0.09,2.47
1,37,0.0,1.45,2.51
4,39,0.5,0.23,0.28
6,5,0.0,0.89,2.0
15,14,0.5,0.19,0.17
21,33,0.5,1.82,1.67
22,12,1.0,1.25,0.1
38,35,1.0,1.33,0.05
7,23,0.5,1.95,1.98
25,32,0.0,1.0,2.17
40,2,0.0,1.01,2.01
4,14,0.0,0.14,2.22
32,5,1.0,1.29,0.12
33,23,0.5,0.11,0.12
35,2,1.0,2.34,1.19
37,7,0.5,0.87,0.83
38,15,0.5,1.04,1.18
39,40,1.0,1.92,0.14
12,1,1.0,2.13,0.19
21,6,0.0,0.74,2.46
22,25,1.0,2.32,1.1
1,4,1.0,2.15,1.12
2,12,0.5,0.75,0.08
7,32,1.0,1.7,0.83
15,35,0.0,1.01,2.45
23,37,0.5,2.06,1.71
25,39,0.5,1.75,2.09
40,38,0.5,1.44,1.21
6,22,0.0,1.16,2.24
14,21,1.0,1.87,0.18
5,33,0.5,0.08,0.59
4,6,1.0,2.28,0.23
12,40,1.0,2.14,0.07
33,2,1.0,1.43,0.23
35,14,0.5,1.2,1.26
37,15,1.0,2.26,1.07
38,25,0.0,1.26,2.28
39,7,0.5,0.71,0.83
21,5,1.0,2.09,0.74
22,1,0.0,0.16,2.74
32,23,0.0,0.79,2.08
1,38,1.0,1.27,0.17
5,12,0.0,1.05,2.29
14,32,1.0,1.16,0.03
15,39,1.0,2.56,0.23
23,35,1.0,2.0,0.02
40,22,1.0,2.16,1.09
2,4,0.5,0.18,0.2
7,21,0.0,0.16,1.37
25,33,1.0,4.6,0.82
6,37,1.0,1.93,0.27
4,38,0.5,1.26,1.34
5,39,1.0,1.92,0.43
6,14,0.5,1.36,1.8
7,35,1.0,3.26,1.44
15,2,0.5,1.11,1.09
23,40,1.0,2.29,0.75
33,32,1.0,2.1,0.15
1,25,0.0,0.22,1.25
21,12,1.0,2.43,0.2
37,22,0.0,0.14,2.36
32,4,1.0,2.52,0.24
35,33,0.5,0.32,0.23
2,6,1.0,2.68,1.79
12,15,1.0,1.27,0.21
14,7,0.5,0.81,0.89
22,23,0.5,0.04,0.05
25,5,0.0,0.46,2.0
38,37,0.5,1.9,1.75
39,21,0.5,1.08,1.07
40,1,0.0,0.2,2.53
2,23,0.5,1.48,0.26
22,4,0.5,0.1,0.12
25,15,0.5,0.06,0.04
32,21,1.0,1.29,0.04
35,5,1.0,3.62,1.41
38,6,0.5,0.11,0.57
39,37,1.0,1.33,0.05
40,7,0.0,0.7,2.69
12,33,0.0,0.05,2.65
14,1,0.0,0.84,1.88
1,35,0.0,2.09,2.34
4,12,1.0,1.49,0.15
6,40,1.0,2.53,0.16
7,25,1.0,4.72,0.71
21,38,1.0,3.98,0.24
23,39,1.0,3.31,0.45
37,32,0.0,0.04,2.39
5,2,1.0,2.2,0.25
15,22,0.0,0.73,4.12
33,14,0.5,1.76,1.64
2,1,0.0,1.46,2.63
7,6,0.5,1.61,1.79
14,37,0.0,1.11,3.78
15,4,0.5,1.12,1.04
23,5,1.0,6.36,0.19
32,22,0.5,0.87,0.84
38,39,1.0,2.66,0.86
40,33,1.0,2.42,1.33
25,12,0.5,1.18,1.61
35,21,1.0,2.27,1.06
1,15,1.0,3.12,1.78
4,35,0.5,1.09,1.42
5,40,1.0,2.88,0.36
12,14,0.5,1.23,1.07
22,7,1.0,1.41,0.15
39,32,0.5,2.11,2.08
33,38,1.0,2.2,0.09
37,25,1.0,2.63,0.76
21,2,1.0,2.9,0.17
2,37,1.0,2.01,0.72
14,39,0.5,0.14,0.27
15,33,0.5,0.09,0.01
25,21,1.0,2.62,0.82
32,6,0.0,0.12,1.52
38,22,0.0,0.81,2.8
7,5,1.0,2.06,0.83
35,12,0.5,1.06,1.15
40,4,1.0,1.96,0.18
23,1,1.0,1.52,0.2
5,38,0.5,0.7,0.79
33,7,1.0,1.47,0.03
22,14,0.0,0.81,2.16
2,35,0.0,0.73,2.03
5,32,0.0,0.07,1.94
7,37,1.0,2.6,0.44
15,38,0.0,1.16,2.94
23,33,1.0,2.05,0.05
25,22,0.0,0.79,3.06
40,39,0.0,0.86,2.24
1,12,1.0,2.73,0.88
4,23,0.5,0.79,0.72
22,2,1.0,4.43,0.28
32,15,0.0,0.15,2.25
33,6,0.0,0.15,1.97
35,25,1.0,1.85,0.03
37,5,0.0,1.09,2.92
38,14,0.5,1.33,1.15
12,7,1.0,1.36,0.05
21,40,0.0,0.06,1.24
39,1,0.5,2.13,2.14
4,1,0.0,0.24,2.77
21,7,1.0,2.17,1.2
22,6,1.0,1.68,0.03
32,14,1.0,1.74,0.21
33,5,1.0,2.88,0.18
35,15,1.0,1.41,0.18
37,23,0.0,1.1,2.32
38,40,1.0,1.99,0.12
12,2,0.5,2.43,2.43
39,25,0.0,0.47,1.34
6,4,0.0,0.81,2.23
15,37,1.0,2.89,0.02
23,32,1.0,2.18,0.7
1,22,0.5,0.09,0.28
2,33,0.0,0.55,1.39
5,21,1.0,2.96,0.85
7,39,0.5,0.87,0.84
14,35,1.0,2.25,1.34
25,38,1.0,3.56,0.05
40,12,1.0,1.29,0.78
6,21,1.0,2.18,1.26
12,5,1.0,2.46,0.08
22,40,1.0,3.58,2.55
32,7,1.0,1.96,0.11
37,6,1.0,3.23,1.76
38,1,0.0,0.2,3.1
39,15,0.5,0.84,0.85
4,2,0.5,0.28,0.77
21,14,0.5,1.83,1.81
33,25,0.5,0.72,0.29
35,23,0.5,0.11,0.08
1,39,1.0,2.99,0.04
2,22,1.0,1.3,0.13
6,33,0.0,0.88,2.32
14,38,0.5,1.74,1.19
15,32,1.0,2.05,0.05
23,4,1.0,5.03,0.02
25,35,0.5,0.76,0.76
40,21,0.0,0.19,1.95
5,37,1.0,2.35,0.18
7,12,0.0,0.21,3.75
6,23,0.0,2.09,2.73
39,2,0.0,0.44,2.04
21,15,1.0,1.58,0.02
1,14,1.0,2.11,1.12
23,2,1.0,3.18,0.74
33,12,0.0,2.1,3.75
37,39,0.5,2.23,2.15
4,22,0.5,2.25,2.25
5,35,0.0,0.23,1.48
6,38,0.0,1.29,4.81
7,40,1.0,1.26,0.32
15,25,1.0,1.42,0.03
21,32,1.0,1.84,0.1
2,15,0.5,1.7,1.74
14,6,1.0,4.33,2.35
22,37,1.0,3.37,0.09
25,1,0.5,1.79,3.72
32,33,1.0,2.99,1.05
35,7,1.0,1.97,0.74
39,5,1.0,3.58,2.4
40,23,1.0,2.36,1.74
12,21,0.0,0.12,1.33
38,4,0.0,0.33,1.18
1,40,1.0,2.21,0.21
4,32,1.0,1.08,0.01
5,25,0.5,0.07,0.04
6,2,0.5,1.12,1.37
21,39,0.5,1.13,1.3
23,22,1.0,1.88,0.39
33,35,0.0,1.05,2.09
37,38,0.5,2.98,1.54
7,14,1.0,1.79,0.19
15,12,0.5,0.11,0.17
4,25,0.0,0.38,1.93
37,40,0.5,1.17,1.16
6,35,1.0,3.17,0.93
1,32,1.0,1.79,0.05
2,5,1.0,3.34,0.76
14,33,1.0,2.33,0.07
25,7,0.5,1.19,1.19
39,23,0.0,0.2,3.39
40,6,1.0,3.29,0.25
22,15,0.5,1.13,1.14
38,21,1.0,3.12,0.7
32,37,0.5,0.8,0.85
12,23,1.0,2.08,1.02
1,33,0.5,0.23,0.26
4,37,0.0,0.72,1.49
7,2,1.0,2.53,1.76
15,5,1.0,2.79,1.28
22,39,1.0,1.31,0.12
25,14,0.0,1.01,2.22
38,32,1.0,3.04,0.09
21,23,1.0,2.96,0.75
40,35,0.5,2.71,2.16
6,12,0.0,0.84,2.27
14,4,0.5,1.1,1.19
2,40,0.0,0.18,1.45
5,6,0.5,1.74,2.05
14,15,1.0,1.92,0.81
23,7,1.0,1.36,0.08
32,25,1.0,3.39,0.13
35,38,0.5,0.16,0.18
37,1,0.5,1.74,2.12
39,4,1.0,2.43,1.37
12,22,1.0,1.29,0.03
33,21,0.0,0.03,2.0
1,5,0.5,0.26,0.13
4,7,1.0,2.07,0.49
14,2,0.5,1.86,2.08
25,40,1.0,3.74,0.57
32,12,0.5,1.3,1.14
37,21,1.0,2.04,0.08
38,23,0.0,2.06,3.48
39,35,0.5,0.19,0.2
15,6,1.0,2.78,0.52
22,33,1.0,4.28,0.17
5,4,0.5,1.08,1.16
7,38,1.0,3.1,0.25
12,39,1.0,1.67,0.16
23,15,1.0,2.8,0.03
33,37,0.0,2.04,3.4
35,32,1.0,3.41,2.14
40,14,0.0,0.55,3.76
2,25,1.0,1.91,0.08
6,1,0.0,0.83,2.31
21,22,1.0,3.36,0.14
4,33,1.0,2.18,0.25
6,39,0.0,0.81,2.75
14,5,1.0,2.05,0.18
37,12,0.0,1.3,3.25
38,2,0.0,1.19,2.2
1,21,0.5,0.9,0.94
25,23,0.5,0.3,0.07
12,4,1.0,3.01,0.34
35,1,0.5,2.93,3.18
2,32,0.5,1.04,1.18
6,25,0.5,1.12,1.1
12,38,1.0,2.51,0.03
21,4,1.0,3.48,0.18
23,14,1.0,1.34,0.14
33,39,1.0,1.7,1.47
35,37,0.5,1.7,1.84
40,15,0.5,1.17,1.56
7,1,1.0,2.16,0.98
5,22,0.0,0.18,1.22
32,40,1.0,2.98,0.12
15,7,1.0,2.55,0.15
5,7,1.0,1.23,0.19
6,32,0.5,0.07,0.06
12,35,1.0,2.22,1.22
33,15,0.0,0.09,2.83
37,2,1.0,2.27,1.36
39,14,0.5,1.22,1.25
1,23,1.0,1.22,0.01
4,40,0.5,1.09,1.1
21,25,1.0,2.56,0.28
22,38,1.0,3.15,1.14
2,39,0.5,1.14,1.29
7,33,0.0,0.86,2.1
14,22,1.0,2.14,1.05
25,4,1.0,2.46,1.2
35,6,0.5,0.79,0.85
38,5,0.5,1.13,1.11
23,12,1.0,2.38,0.81
32,1,1.0,3.0,0.73
40,37,1.0,3.03,0.8
15,21,0.0,1.59,3.45
22,35,1.0,1.54,0.07
5,23,0.5,1.01,1.1
6,7,1.0,4.48,2.27
33,40,0.0,1.18,2.99
37,14,1.0,1.35,0.28
1,2,0.0,0.81,2.28
4,15,0.0,0.14,1.93
12,25,0.5,1.75,1.75
21,35,0.0,0.47,1.92
39,38,1.0,2.53,2.03
22,32,1.0,2.63,0.1
2,21,1.0,1.27,0.16
7,22,0.0,0.18,2.14
14,12,1.0,1.13,0.09
15,1,0.5,1.71,1.78
23,6,1.0,3.5,1.79
25,37,0.5,2.26,2.38
32,39,0.0,0.18,1.36
35,4,1.0,1.94,0.66
38,33,0.0,0.17,2.69
40,5,0.0,1.5,3.79
5,40,0.0,1.34,2.12
15,2,0.5,0.09,0.1
21,33,0.5,1.7,1.13
25,1,0.5,0.18,0.25
28,7,0.0,0.51,1.79
39,26,0.5,1.2,1.62
32,12,0.5,0.04,0.06
37,23,0.0,1.12,2.1
22,34,1.0,3.14,0.24
1,21,0.0,0.19,1.92
2,5,1.0,2.76,0.79
12,37,1.0,2.1,1.02
14,28,0.0,0.31,1.25
33,25,0.0,0.12,1.28
34,39,0.5,0.19,0.25
7,22,0.0,1.77,3.13
26,32,0.5,1.15,1.15
40,15,1.0,2.28,0.22
23,35,1.0,2.48,0.27
2,40,0.5,0.17,0.25
5,14,0.0,0.09,1.15
12,26,1.0,1.94,0.81
21,7,1.0,2.83,0.18
34,33,0.5,0.09,0.17
39,28,1.0,1.91,0.29
23,1,1.0,6.81,1.8
25,15,1.0,2.03,0.61
35,22,0.0,0.66,4.41
37,32,0.0,0.04,1.68
1,34,1.0,1.25,0.21
7,23,0.0,0.43,4.18
14,2,0.5,1.8,1.63
22,39,1.0,3.04,0.15
32,21,1.0,1.36,0.09
33,12,0.0,0.76,2.01
40,35,0.0,0.18,1.86
15,5,0.5,1.29,1.09
26,37,0.0,0.12,1.2
28,25,0.5,0.13,0.3
2,25,0.5,1.11,1.15
5,1,1.0,4.09,2.71
7,26,0.0,0.81,2.42
14,39,1.0,2.72,1.06
34,37,1.0,2.97,0.16
40,28,0.0,0.24,2.83
15,22,0.5,1.67,1.68
23,12,1.0,3.42,0.73
33,32,1.0,3.71,0.06
35,21,1.0,3.19,0.18
1,7,1.0,2.75,0.1
12,34,1.0,3.73,0.77
21,40,1.0,2.71,0.81
22,14,1.0,1.62,0.03
25,5,1.0,3.15,1.06
32,23,0.5,1.17,1.14
37,15,0.5,0.15,0.22
39,35,0.0,0.94,3.5
28,2,0.5,0.75,0.8
26,33,1.0,2.19,0.94
2,39,1.0,2.12,0.05
5,22,0.0,0.23,3.27
14,21,0.0,0.21,1.34
23,26,1.0,1.93,0.17
33,37,0.5,2.02,2.09
40,25,0.0,0.89,2.46
7,12,0.0,0.85,4.75
15,28,1.0,5.84,0.07
34,32,1.0,2.02,0.28
35,1,1.0,2.14,0.75
12,14,1.0,2.84,0.68
21,23,0.5,0.74,0.73
22,2,1.0,3.59,0.72
26,34,1.0,3.05,1.13
28,5,0.5,1.09,1.09
32,15,1.0,1.79,0.18
39,7,0.0,1.12,2.89
1,33,1.0,2.28,1.04
25,35,0.5,1.66,1.62
37,40,1.0,2.13,0.29
2,37,0.0,1.11,2.35
7,33,0.0,0.1,1.75
21,26,0.5,1.1,1.13
25,39,1.0,1.27,0.12
40,34,0.5,1.66,2.11
1,32,1.0,3.33,1.04
5,35,0.0,1.18,3.55
15,14,0.0,0.67,2.63
23,22,0.0,0.79,4.65
28,12,1.0,1.46,0.18
12,1,0.0,2.73,4.54
14,23,0.0,0.2,1.43
22,40,1.0,2.64,0.8
26,5,0.5,2.21,2.29
33,2,0.5,1.77,1.79
34,7,1.0,2.48,0.7
37,21,0.0,0.02,2.55
39,15,0.0,0.17,2.61
35,28,1.0,2.96,0.68
32,25,0.0,0.82,2.93
1,37,1.0,3.26,0.11
2,26,1.0,2.99,1.71
5,12,0.0,0.09,1.35
21,34,0.5,0.53,0.23
23,33,1.0,1.39,0.09
25,14,1.0,2.28,1.23
28,22,0.0,1.33,2.92
7,32,1.0,2.88,0.25
15,35,0.0,0.65,3.03
40,39,1.0,2.61,1.09
14,40,1.0,2.27,1.23
22,25,1.0,3.18,0.7
26,1,0.0,1.03,2.98
32,28,0.0,1.99,3.04
33,15,0.5,0.2,0.2
34,23,0.0,0.64,1.48
37,7,1.0,2.43,1.15
39,5,0.5,2.69,2.78
12,21,0.0,0.81,2.44
35,2,1.0,2.55,0.46
1,15,0.5,1.06,0.93
7,14,0.0,0.15,1.8
12,40,1.0,3.45,0.11
23,25,0.5,0.79,0.64
26,28,1.0,2.12,0.37
32,5,1.0,2.86,0.73
33,39,0.0,1.26,2.26
37,35,0.0,1.17,2.47
21,22,0.5,1.15,1.41
34,2,0.5,0.13,0.09
2,23,0.0,0.16,1.56
5,34,1.0,3.87,1.92
22,26,1.0,3.39,0.77
25,12,0.0,0.16,2.8
28,37,0.5,1.14,1.24
35,7,1.0,2.94,0.2
39,1,0.0,0.05,2.49
14,32,0.0,0.24,2.12
40,33,1.0,2.01,0.94
15,21,1.0,1.24,0.02
1,14,1.0,1.23,0.07
7,2,0.0,0.88,2.34
21,28,1.0,1.39,0.13
23,40,1.0,3.28,0.43
26,25,1.0,2.81,1.72
34,15,1.0,1.91,0.02
37,39,0.0,1.11,2.26
32,35,1.0,2.52,0.77
33,5,1.0,2.1,1.12
12,22,1.0,2.17,1.03
5,37,0.0,0.33,1.85
14,26,0.5,1.17,1.11
15,7,1.0,2.87,0.05
25,34,0.5,0.13,0.04
39,12,0.5,0.75,0.85
40,32,0.0,1.29,2.28
2,21,0.0,0.12,2.43
22,1,1.0,2.16,0.16
28,23,0.0,0.19,2.02
35,33,1.0,1.18,0.05
5,7,0.0,0.77,2.32
40,26,0.5,1.78,1.33
2,1,0.0,0.45,2.17
14,34,1.0,1.38,0.08
15,23,0.0,0.37,4.58
22,32,1.0,3.35,0.11
25,37,0.0,1.47,3.04
28,33,0.0,0.34,2.65
39,21,0.5,0.08,0.14
35,12,0.5,1.11,1.08
7,25,0.0,0.02,2.06
12,15,0.5,0.78,0.7
21,5,0.5,1.07,1.14
23,39,1.0,4.51,0.14
32,2,0.5,0.35,0.06
33,14,0.5,1.2,1.33
37,22,0.5,0.13,0.46
1,40,0.5,1.23,1.29
26,35,0.0,0.19,1.85
34,28,0.5,1.15,1.09
21,25,1.0,2.9,1.12
1,28,1.0,1.19,0.0
7,40,0.5,1.12,1.12
12,2,0.0,1.08,2.63
23,5,0.0,0.53,2.69
26,15,0.5,1.1,1.15
32,39,0.5,1.8,1.66
34,35,0.5,1.15,1.07
33,22,1.0,1.32,0.22
37,14,0.0,0.16,1.33
2,34,0.0,0.18,2.12
5,32,0.0,0.74,2.78
15,1,1.0,3.01,1.08
28,26,0.0,1.02,2.26
40,12,0.0,0.77,1.87
22,21,1.0,3.12,0.19
35,37,1.0,2.02,0.23
39,33,0.0,0.84,3.17
14,7,0.0,0.72,1.92
25,23,1.0,1.78,0.19
35,14,1.0,1.87,0.16
2,14,0.5,0.7,0.73
5,15,1.0,2.58,0.79
12,33,1.0,1.25,0.53
21,32,0.5,0.15,0.32
23,7,1.0,2.61,0.04
35,40,0.5,1.22,1.07
37,26,0.0,0.92,2.05
25,28,1.0,1.55,0.16
34,1,1.0,3.39,1.74
39,22,0.0,0.06,1.95
7,21,1.0,2.72,1.26
14,5,0.5,1.28,1.54
15,25,1.0,3.9,1.12
26,12,0.5,0.1,0.22
28,39,1.0,3.03,0.76
32,37,0.0,0.45,2.12
33,34,1.0,2.16,0.14
40,2,0.0,2.29,3.33
1,23,0.0,0.9,2.01
22,35,1.0,1.62,1.22
14,22,1.0,1.17,0.23
23,32,1.0,2.0,0.08
34,12,0.5,1.32,1.42
35,39,1.0,3.11,0.75
40,21,0.0,0.11,3.02
2,28,0.5,2.17,2.15
5,25,0.0,0.21,1.68
7,1,0.5,0.32,0.09
15,37,0.5,0.78,0.72
33,26,1.0,3.0,0.05
1,5,1.0,6.63,1.36
22,15,1.0,3.2,0.15
26,7,1.0,1.98,0.07
28,40,0.0,1.16,2.2
32,33,0.0,0.1,1.51
37,34,0.0,0.22,1.91
39,14,0.5,0.66,0.5
12,23,0.5,2.37,2.42
25,2,1.0,2.11,1.13
21,35,0.5,0.25,0.3
5,28,1.0,3.29,1.37
7,39,0.0,0.89,1.77
14,12,1.0,1.83,0.13
15,32,1.0,2.34,0.73
23,21,1.0,1.9,0.78
33,1,0.0,0.9,2.02
34,26,0.0,1.7,2.74
35,25,1.0,5.11,0.07
2,22,0.0,0.17,1.31
40,37,0.0,1.23,4.46
12,7,1.0,2.15,0.18
22,5,1.0,2.72,0.09
25,40,0.5,2.1,1.79
28,15,0.0,0.13,1.44
37,33,1.0,3.07,0.19
39,2,0.5,0.33,0.25
1,35,1.0,4.55,2.03
26,23,0.0,0.79,2.06
32,34,1.0,2.21,0.4
5,2,0.5,1.13,1.24
21,1,0.0,1.02,2.45
22,7,1.0,2.23,0.04
28,14,0.5,1.36,1.2
32,26,1.0,1.23,0.23
37,12,1.0,1.43,0.07
39,34,0.0,0.57,2.17
15,40,1.0,4.15,0.03
25,33,0.5,1.33,1.08
35,23,0.0,0.44,2.5
2,15,1.0,1.18,0.06
7,28,1.0,1.93,0.84
12,32,1.0,1.14,0.04
14,35,1.0,1.69,0.22
33,21,1.0,1.19,0.15
40,5,0.0,0.23,2.05
23,37,1.0,2.19,0.18
26,39,0.5,1.73,1.24
34,22,1.0,1.3,0.06
1,25,1.0,2.44,1.09
21,14,1.0,2.84,0.08
15,34,0.0,0.15,1.78
39,37,0.5,0.82,0.86
25,26,1.0,1.35,0.09
40,23,0.0,0.45,3.83
5,33,1.0,1.88,0.48
14,1,0.0,0.15,2.53
22,12,1.0,1.91,0.76
28,21,1.0,2.4,1.23
35,32,0.5,0.71,0.74
1,2,1.0,3.11,0.22
7,5,1.0,4.32,0.81
12,35,0.5,0.17,0.07
21,39,0.0,0.78,1.89
26,40,1.0,2.32,1.57
32,22,0.5,0.19,0.33
33,28,1.0,2.15,0.74
34,14,0.0,0.09,1.86
37,25,0.0,0.77,3.35
23,15,1.0,1.78,0.15
2,12,0.0,1.37,2.03
14,37,1.0,2.0,0.07
15,26,1.0,2.45,0.69
22,33,0.5,2.3,2.71
28,1,1.0,2.14,1.13
39,32,1.0,1.71,0.14
40,7,0.0,1.26,2.91
25,21,1.0,2.02,0.13
35,34,1.0,2.9,0.74
5,23,0.0,0.16,1.91
34,25,0.0,0.49,2.01
7,15,0.0,0.1,2.91
12,39,1.0,1.85,0.85
21,2,0.5,1.05,1.16
26,14,0.5,1.92,1.75
32,40,1.0,2.15,1.26
33,35,0.5,0.1,0.15
37,5,1.0,2.76,0.11
1,22,1.0,1.12,0.08
23,28,1.0,2.12,0.07
2,32,0.5,1.14,1.07
14,33,1.0,3.13,0.1
15,12,0.5,1.22,1.13
25,7,1.0,1.8,0.08
35,26,0.0,1.06,2.06
5,21,0.0,1.55,2.82
22,37,1.0,3.45,0.05
28,34,1.0,2.57,0.07
39,23,1.0,1.31,0.09
40,1,0.0,0.16,3.12
26,22,0.0,0.65,5.03
33,40,0.5,0.37,0.91
34,5,1.0,2.93,0.21
37,28,1.0,1.38,0.17
23,2,1.0,3.9,0.12
1,39,0.0,1.1,2.23
1,12,0.5,0.15,0.21
2,33,0.5,0.2,0.19
5,26,1.0,2.06,0.42
7,34,0.5,1.42,1.48
15,39,1.0,1.8,0.79
25,32,1.0,2.96,0.12
28,35,1.0,1.33,0.11
21,37,0.0,0.11,1.18
23,14,0.5,2.84,2.99
40,22,0.0,0.21,2.17
2,7,0.0,0.7,1.83
14,15,1.0,3.98,0.06
26,21,0.0,0.06,3.35
32,1,0.5,1.18,1.35
33,7,0.5,1.84,1.72
34,40,0.5,2.9,2.15
37,2,0.5,0.14,0.08
39,25,1.0,5.01,0.24
12,28,1.0,5.5,0.85
35,5,1.0,2.01,0.15
22,23,1.0,1.34,0.11
21,15,0.0,0.2,1.36
32,14,0.5,1.09,1.11
7,35,0.0,0.35,3.41
12,25,0.0,0.13,2.05
1,26,0.5,2.81,2.68
2,35,0.5,1.13,1.06
7,37,0.5,1.72,1.82
15,33,1.0,2.48,1.06
23,34,1.0,2.41,0.13
25,22,0.0,0.02,1.56
28,32,1.0,1.24,0.05
40,14,0.5,0.16,0.19
5,39,0.0,0.11,1.19
21,12,1.0,3.89,0.82
12,5,1.0,2.82,0.23
14,25,1.0,2.94,0.56
22,28,1.0,2.7,1.43
26,2,1.0,2.4,0.15
32,7,0.5,4.15,2.22
33,23,0.0,0.11,1.44
34,21,1.0,1.29,0.3
35,15,1.0,2.01,0.25
37,1,0.0,2.82,2.97
39,40,1.0,3.44,1.8
1,33,0.5,0.08,0.15
15,26,1.0,4.16,0.1
25,35,1.0,1.8,0.73
28,34,0.0,0.12,3.67
29,32,0.5,1.1,1.18
37,21,1.0,2.74,0.45
38,2,1.0,1.77,0.2
22,31,1.0,2.62,1.54
39,12,0.0,0.1,2.37
14,23,1.0,1.14,0.08
12,29,1.0,3.85,2.28
2,14,0.0,0.93,3.56
12,25,1.0,3.2,0.22
23,15,1.0,3.74,1.67
26,28,0.5,1.24,1.37
31,39,0.0,0.03,1.78
34,38,1.0,3.04,0.23
35,37,0.5,0.67,0.77
21,22,0.5,1.7,1.77
32,1,0.5,0.13,0.08
22,28,1.0,2.87,0.76
34,33,0.5,2.77,2.14
35,26,0.5,0.76,0.69
37,14,1.0,1.84,0.04
38,15,1.0,3.39,0.32
39,32,0.5,1.76,1.88
21,1,0.0,0.16,2.01
25,2,0.5,1.14,1.18
31,23,0.0,1.27,2.85
1,31,1.0,5.67,1.36
2,34,1.0,2.18,0.22
15,37,1.0,3.35,0.05
23,39,1.0,1.64,0.11
26,38,0.5,0.05,0.12
28,12,0.5,0.14,0.11
32,22,0.5,1.06,1.14
33,21,0.5,1.15,1.32
29,35,0.0,0.73,2.11
14,25,0.5,1.77,1.8
12,32,1.0,1.1,0.06
31,2,1.0,3.4,1.07
34,14,0.0,0.18,3.04
37,29,1.0,1.21,0.07
38,33,0.5,1.06,1.04
39,15,0.0,0.8,2.02
21,23,0.0,0.68,1.78
22,1,0.5,1.18,1.16
25,26,1.0,1.27,0.15
35,28,1.0,2.17,1.03
1,12,0.0,1.6,2.25
14,31,1.0,3.95,1.06
15,22,0.0,1.03,2.34
23,35,0.0,0.57,3.2
26,21,0.0,1.39,3.82
29,25,0.5,1.28,0.73
32,34,1.0,2.95,0.04
33,39,1.0,1.23,0.15
2,37,0.5,0.69,0.35
28,38,0.0,0.85,2.44
12,26,1.0,4.27,1.14
22,33,1.0,2.65,0.06
34,29,0.5,1.69,2.06
37,28,1.0,2.88,1.53
38,1,0.0,1.05,2.94
39,14,0.5,2.06,2.01
21,32,0.5,0.18,0.2
25,23,0.0,0.1,3.15
31,15,0.5,1.75,1.75
35,2,1.0,1.85,0.04
15,2,1.0,1.45,0.04
21,29,1.0,1.65,0.09
23,32,1.0,3.08,1.77
26,1,1.0,1.61,0.28
34,39,1.0,1.89,0.87
35,12,0.0,1.27,3.19
37,22,0.0,0.81,1.97
38,31,1.0,3.04,0.8
28,14,0.5,1.27,1.16
33,25,0.5,1.12,1.07
1,28,1.0,1.4,0.05
2,26,0.5,1.08,1.27
22,34,1.0,1.26,0.28
29,15,0.5,2.61,2.55
32,33,0.5,0.53,0.47
39,38,1.0,1.95,0.74
12,23,0.0,1.76,3.16
14,21,0.5,2.05,2.15
25,37,1.0,2.13,0.4
31,35,0.0,0.41,2.18
15,14,0.5,1.81,1.95
23,1,1.0,1.92,0.77
26,32,1.0,1.8,0.27
33,2,0.0,0.14,1.7
34,12,0.5,0.73,0.15
35,39,0.0,0.04,1.13
38,22,0.5,0.41,0.1
21,25,0.5,1.18,1.3
28,29,0.5,1.12,1.17
37,31,1.0,1.79,0.18
1,15,0.5,2.61,2.77
2,23,0.0,1.57,2.82
14,33,1.0,2.03,1.02
29,26,0.5,0.06,0.04
31,34,0.5,0.8,0.79
32,28,1.0,1.11,0.03
39,37,0.0,1.06,2.28
12,21,0.5,1.13,1.23
22,35,1.0,2.11,1.11
25,38,0.0,0.18,1.29
1,35,1.0,4.52,1.81
21,39,1.0,2.54,0.12
22,2,1.0,3.17,0.18
25,34,0.0,0.75,1.88
26,23,1.0,1.53,0.15
28,31,0.0,0.65,2.9
29,14,1.0,2.27,1.13
37,12,1.0,2.47,1.19
15,33,0.0,0.77,2.58
38,32,0.5,1.07,1.07
2,1,0.5,0.08,0.07
14,26,0.5,1.39,1.56
23,28,1.0,1.95,0.76
32,15,1.0,1.28,0.38
33,37,0.0,0.3,2.68
39,29,1.0,2.84,1.72
12,22,0.5,0.05,0.16
31,25,1.0,1.95,0.38
34,21,0.5,0.13,0.12
35,38,1.0,1.96,0.71
2,29,1.0,1.2,0.19
33,28,0.5,0.22,0.09
12,15,0.5,0.15,0.11
14,1,0.5,1.31,1.43
23,38,1.0,1.47,0.15
31,26,0.5,1.27,1.16
32,25,1.0,1.53,0.72
34,37,1.0,3.29,1.11
35,21,1.0,2.87,0.72
39,22,0.0,0.16,2.18
1,34,0.0,0.06,1.85
15,35,0.0,0.12,2.48
21,31,1.0,1.93,0.08
22,14,0.5,1.15,1.17
28,2,0.5,1.19,1.09
29,23,0.0,2.94,4.18
37,32,0.0,0.11,1.27
38,12,1.0,2.87,1.08
26,33,1.0,2.47,1.08
25,39,1.0,3.32,0.11
1,37,1.0,1.99,0.08
2,32,0.5,0.13,0.05
31,29,1.0,1.31,0.14
33,12,0.0,0.69,2.69
34,26,0.0,2.07,3.85
39,28,0.5,1.84,1.8
14,35,1.0,1.83,0.69
22,23,0.0,1.27,2.99
38,21,0.0,2.04,3.13
15,25,1.0,2.06,0.15
33,29,1.0,2.98,0.11
21,2,0.0,0.75,2.86
23,33,1.0,2.94,0.82
25,22,0.0,0.92,3.17
26,39,1.0,2.35,0.8
28,15,1.0,1.93,0.64
32,14,0.5,1.09,1.11
35,34,1.0,1.18,0.28
37,38,0.5,0.21,0.17
29,1,0.0,0.33,4.76
21,15,1.0,3.23,0.16
22,29,1.0,1.25,0.07
25,28,1.0,1.3,0.08
31,33,0.0,0.18,1.3
35,32,0.5,0.1,0.19
37,26,1.0,2.32,1.04
38,14,0.0,1.41,3.02
39,1,0.0,0.07,1.56
12,2,1.0,6.69,0.32
34,23,0.5,1.19,1.48
2,35,0.0,0.05,1.45
14,39,1.0,1.9,0.72
15,31,0.5,1.2,1.26
23,25,1.0,3.87,2.73
26,12,0.0,0.1,1.43
28,37,0.0,0.71,2.12
29,34,0.5,0.14,0.19
32,21,1.0,3.05,1.32
33,22,1.0,1.36,0.04
1,25,1.0,5.29,2.29
2,39,0.0,0.55,1.97
15,34,0.0,0.75,1.88
23,37,1.0,2.2,0.1
26,22,0.0,2.58,3.8
29,38,1.0,1.33,0.34
32,31,0.5,2.24,3.08
33,35,0.0,1.05,2.17
14,12,0.0,1.09,2.1
28,21,0.0,0.38,4.04
22,32,1.0,2.57,0.06
31,1,0.5,1.45,1.22
34,2,0.5,1.43,1.63
35,29,1.0,3.25,1.26
37,15,0.0,0.75,1.92
38,26,1.0,2.23,0.93
39,23,0.0,0.27,4.02
12,28,0.0,0.13,1.65
21,33,1.0,3.17,0.13
25,14,0.0,1.11,3.39
2,31,0.0,0.22,1.31
14,34,0.5,0.15,0.15
15,39,0.5,1.09,1.15
26,25,0.5,0.14,0.1
28,35,0.5,0.36,0.16
29,37,1.0,2.17,1.64
32,12,0.0,0.11,3.22
33,38,1.0,2.61,0.09
1,22,0.0,0.11,3.27
23,21,1.0,1.85,0.88
12,31,0.5,2.04,1.27
21,26,1.0,4.41,0.23
22,15,1.0,2.61,0.1
25,29,0.0,1.22,2.11
34,32,1.0,2.33,0.72
37,2,0.5,1.58,2.19
38,28,0.5,1.08,1.03
39,33,0.0,1.45,3.19
12,1,1.0,2.24,0.32
35,23,0.5,1.04,1.07
31,14,0.5,0.14,0.12
1,38,1.0,4.55,1.78
2,25,0.0,0.81,3.48
28,22,0.5,0.24,0.11
32,39,0.5,1.86,1.84
33,34,0.5,0.16,0.14
1,21,0.5,1.9,1.92
14,37,1.0,3.05,0.68
15,38,1.0,1.81,0.77
23,31,1.0,2.86,1.39
26,35,0.5,1.28,1.11
29,12,0.5,1.77,1.64
1,32,1.0,1.41,0.25
14,2,0.5,2.71,2.79
15,23,0.0,0.07,1.89
25,12,1.0,2.9,1.55
28,26,0.5,0.04,0.47
29,33,1.0,2.56,1.02
38,34,1.0,1.3,0.27
39,31,0.5,1.68,1.78
22,21,0.5,1.76,1.96
37,35,0.0,0.13,1.35
12,39,1.0,4.06,0.68
26,15,0.5,0.04,0.02
31,22,1.0,2.74,1.03
32,29,1.0,1.78,0.69
33,1,0.0,0.42,1.6
34,28,1.0,3.72,0.33
35,25,1.0,3.36,1.02
2,38,1.0,2.01,0.75
23,14,1.0,2.5,0.12
21,37,0.0,0.17,1.88
21,34,1.0,4.25,0.05
1,2,1.0,2.26,0.75
15,32,1.0,2.19,0.11
26,14,1.0,2.17,1.01
28,23,0.0,0.1,2.06
29,39,0.0,0.37,3.09
37,33,1.0,1.89,0.79
22,12,1.0,1.88,0.27
25,31,1.0,2.6,1.67
38,35,0.0,1.79,2.7
12,37,1.0,1.88,0.15
14,29,1.0,2.78,0.92
23,26,1.0,1.68,0.11
31,28,0.0,1.12,2.32
32,38,0.0,0.36,1.98
33,15,0.5,2.23,2.6
34,25,1.0,1.13,0.1
39,21,0.0,0.04,3.39
35,1,1.0,2.35,0.84
2,22,0.0,0.2,1.37
26,31,0.5,0.1,0.16
28,33,1.0,2.84,1.07
29,2,0.0,1.27,2.29
37,34,1.0,2.3,1.11
21,35,1.0,2.77,1.18
25,32,1.0,1.49,0.71
2,28,1.0,2.92,1.7
14,22,1.0,1.82,0.17
23,29,1.0,1.3,0.13
31,21,1.0,2.96,1.13
32,37,0.5,0.14,0.1
34,1,0.0,0.17,2.13
12,38,1.0,2.06,0.08
33,26,0.5,1.14,1.21
35,15,0.0,0.56,1.42
39,25,1.0,1.91,0.76
1,29,1.0,3.55,0.8
14,32,1.0,1.24,0.07
22,25,1.0,3.69,0.19
31,12,1.0,2.15,1.16
33,23,0.0,0.07,1.42
34,35,0.0,0.87,2.25
38,37,1.0,2.97,0.72
39,26,1.0,1.38,0.1
2,21,0.0,1.32,2.23
15,28,1.0,3.35,1.79
26,34,0.5,1.49,1.41
29,31,0.0,0.16,1.88
32,2,0.0,0.78,2.56
37,1,0.0,0.93,1.96
12,33,1.0,2.37,1.05
21,38,0.5,0.09,0.14
25,15,1.0,1.28,0.24
28,39,0.5,0.33,0.76
35,14,0.5,1.85,1.78
23,22,0.0,0.77,1.85
1,26,1.0,2.5,0.68
2,15,0.5,0.69,0.68
14,28,1.0,1.95,0.05
29,21,0.5,0.13,0.03
31,38,0.5,0.63,0.62
25,33,0.0,0.15,2.58
32,23,0.0,0.17,2.05
1,14,0.5,0.12,0.05
15,12,0.0,0.3,2.87
22,39,1.0,1.37,0.52
38,23,0.5,1.77,1.73
15,1,0.0,0.14,2.42
26,29,1.0,1.77,0.77
28,32,0.0,0.13,1.93
33,14,1.0,1.51,0.16
34,31,0.5,0.08,0.1
37,25,0.5,1.11,1.03
38,39,1.0,2.12,0.19
21,12,0.5,1.77,1.72
35,22,1.0,2.68,1.03
23,2,1.0,5.32,0.14
14,15,1.0,1.23,0.09
22,38,1.0,2.22,0.4
25,21,0.0,0.28,4.88
31,37,0.0,0.21,2.51
32,26,1.0,1.39,0.09
39,35,0.5,1.81,1.46
1,23,0.5,1.57,1.9
12,34,1.0,2.43,0.05
29,28,0.5,0.21,0.15
2,33,1.0,4.86,1.26
15,29,0.0,1.51,2.9
26,2,0.0,0.17,1.24
28,1,0.0,0.13,1.43
34,22,0.5,0.28,0.11
35,31,1.0,1.12,0.11
37,39,0.0,1.75,2.62
38,25,0.5,0.12,0.3
21,14,0.5,0.11,0.09
23,12,0.0,0.1,1.18
33,32,0.5,1.1,1.06
22,37,1.0,1.27,0.04
39,34,0.0,1.73,2.51
12,35,0.5,2.02,1.94
2,12,0.0,1.12,2.43
14,38,1.0,1.99,0.13
15,21,0.0,1.16,2.82
23,34,1.0,2.17,0.71
26,37,1.0,3.17,0.2
28,25,0.0,1.38,2.21
32,35,0.0,1.17,2.29
33,31,0.5,0.72,0.75
1,39,1.0,2.91,1.28
29,22,0.0,0.3,2.04
12,14,1.0,2.34,1.11
21,28,1.0,1.61,0.2
22,26,0.0,1.13,2.87
25,1,0.0,0.03,1.13
31,32,0.5,0.77,0.79
34,15,0.0,0.11,2.85
35,33,1.0,1.27,0.09
37,23,0.5,4.18,4.29
38,29,1.0,3.66,1.3
39,2,0.5,2.68,2.05
1,2,0.0,1.63,3.24
21,32,1.0,1.43,0.09
26,14,0.5,1.34,1.32
33,15,0.0,0.05,1.19
34,23,0.0,0.44,2.9
37,31,0.0,0.1,1.16
38,11,1.0,2.17,0.33
12,18,1.0,2.48,0.13
13,35,0.0,0.09,1.21
22,25,1.0,3.93,0.08
12,2,1.0,2.48,1.11
2,21,0.0,0.22,1.37
14,37,0.5,0.05,0.01
15,1,0.0,0.75,2.71
18,26,1.0,1.28,0.09
25,38,0.5,0.09,0.28
31,33,0.5,1.06,1.03
32,13,1.0,2.25,1.25
11,22,1.0,2.56,1.28
35,34,1.0,1.16,0.05
23,12,0.5,0.16,0.17
11,14,0.5,0.23,0.08
13,33,1.0,2.83,0.18
22,18,1.0,1.77,0.08
25,15,1.0,1.09,0.12
26,31,1.0,1.32,0.02
38,32,0.0,0.13,1.29
1,35,1.0,1.48,0.27
21,23,1.0,1.29,0.45
37,34,0.0,0.52,2.06
2,25,0.0,0.15,1.81
14,12,1.0,1.43,0.45
15,37,0.5,1.07,1.03
18,11,0.5,1.41,1.44
23,13,1.0,2.13,0.13
32,22,0.5,0.03,0.11
33,1,0.0,0.71,2.92
35,26,1.0,1.95,0.25
31,38,0.5,0.5,0.55
34,21,0.5,2.11,2.6
12,15,1.0,1.58,0.02
21,31,0.0,0.07,1.2
25,18,0.0,2.18,3.58
26,2,0.0,0.14,1.49
37,33,1.0,2.63,0.08
38,14,0.0,1.77,2.95
1,32,1.0,3.04,1.19
11,35,0.0,0.15,1.19
13,34,0.0,0.2,2.07
22,23,1.0,3.67,0.73
2,22,1.0,2.78,1.83
15,11,0.0,1.27,2.34
18,38,1.0,1.29,0.04
23,37,0.0,0.69,1.71
31,13,1.0,1.85,0.05
34,1,0.0,0.77,1.73
35,12,0.5,1.09,1.15
32,26,0.0,1.0,1.36
33,21,0.0,0.7,3.05
14,25,1.0,3.53,1.35
11,25,0.0,0.25,2.52
15,32,1.0,1.14,0.11
18,2,0.5,0.18,0.18
21,13,1.0,3.44,0.76
22,14,1.0,3.02,1.14
33,23,0.0,1.37,2.48
26,12,0.0,0.8,2.76
31,34,1.0,2.01,0.16
35,38,0.0,0.04,1.41
37,1,0.5,1.16,1.19
1,26,1.0,3.33,0.17
12,11,1.0,3.49,1.2
14,18,1.0,2.28,1.38
23,31,0.5,1.17,1.49
25,21,0.5,1.77,1.88
32,37,0.5,0.17,0.05
34,33,1.0,2.86,0.03
38,22,0.0,0.75,2.73
2,35,0.0,0.23,2.08
13,15,0.0,1.06,2.51
2,14,0.0,0.12,1.36
13,1,0.0,0.16,1.93
21,37,1.0,3.73,0.36
23,32,1.0,3.23,2.45
26,11,0.5,0.25,0.21
31,15,1.0,2.3,0.23
12,22,1.0,1.95,0.76
33,25,1.0,1.9,0.76
34,38,0.5,0.07,0.08
35,18,1.0,1.09,0.02
1,21,1.0,2.05,0.11
15,23,0.0,0.7,3.37
18,33,1.0,1.41,0.17
22,26,1.0,5.09,0.07
25,12,1.0,1.47,0.13
32,31,0.5,1.18,1.29
37,13,1.0,2.16,0.13
38,2,0.5,0.49,0.15
11,34,1.0,1.55,0.09
14,35,0.5,0.13,0.31
2,11,1.0,2.02,0.14
12,37,0.5,1.93,1.74
13,14,0.5,0.19,0.16
21,15,1.0,3.95,0.04
26,38,1.0,2.24,1.06
31,18,1.0,3.91,0.79
23,1,1.0,2.56,0.29
33,22,1.0,2.13,0.16
34,32,0.5,2.3,2.74
35,25,0.0,0.73,2.25
1,31,1.0,2.11,0.18
14,21,0.5,2.74,2.67
15,34,0.0,0.74,1.88
18,13,0.0,0.17,1.24
25,26,1.0,2.64,0.41
32,33,1.0,2.69,0.55
38,12,0.0,0.54,3.04
11,23,0.5,2.23,2.14
22,35,1.0,5.15,0.18
37,2,0.5,2.69,1.68
2,33,0.5,0.16,0.2
11,1,0.0,0.16,2.71
14,32,1.0,3.33,0.22
25,37,1.0,1.91,0.75
26,13,1.0,2.31,0.13
38,15,1.0,1.39,0.12
12,31,1.0,2.63,1.03
18,21,1.0,2.87,1.15
22,34,1.0,2.69,0.06
35,23,0.5,1.8,1.66
13,38,1.0,1.28,0.01
1,18,1.0,2.48,0.33
15,35,0.0,0.15,2.01
21,26,1.0,4.17,0.77
23,14,0.0,0.26,1.41
31,2,0.0,1.4,1.95
32,11,0.5,0.1,0.04
33,12,0.0,2.38,3.58
34,25,1.0,2.74,0.76
37,22,0.0,0.1,2.92
13,11,1.0,2.1,0.11
21,38,1.0,2.51,0.7
23,25,0.0,0.23,1.32
31,22,0.5,1.54,1.16
32,12,1.0,2.96,1.79
33,35,0.0,1.09,2.21
37,26,0.0,0.22,2.01
1,14,0.5,0.19,0.85
15,2,1.0,2.34,0.08
34,18,0.5,1.16,1.05
11,37,1.0,1.29,0.17
12,13,1.0,2.35,1.16
14,15,1.0,3.27,0.74
18,32,0.5,0.05,0.07
22,1,1.0,3.64,1.32
25,31,0.5,1.19,1.28
38,33,0.5,0.2,0.33
2,23,0.0,0.29,2.8
26,34,0.5,1.16,1.19
35,21,0.0,0.19,4.41
13,25,0.0,0.48,2.99
15,22,0.0,0.28,3.61
21,11,1.0,3.89,0.4
23,38,1.0,3.03,0.22
32,2,1.0,1.77,0.68
33,26,0.5,0.16,0.11
37,18,0.5,1.09,1.23
31,35,0.0,1.73,3.08
34,14,0.0,0.18,1.89
1,12,0.5,0.11,0.12
2,13,0.0,0.09,1.26
11,31,0.0,0.11,3.18
12,34,1.0,1.34,0.1
14,33,0.0,0.49,1.37
18,23,0.0,2.07,3.07
22,21,1.0,3.19,1.08
25,32,1.0,2.69,1.1
26,15,0.0,1.03,2.06
35,37,0.5,1.26,1.63
38,1,0.0,0.82,2.65
2,34,0.5,1.13,1.22
11,33,0.5,1.85,1.91
18,15,1.0,1.57,0.07
22,13,1.0,1.33,0.04
26,23,0.0,0.08,1.27
38,37,0.5,2.65,2.12
12,21,1.0,2.39,1.17
14,31,1.0,1.93,0.79
25,1,0.0,0.4,1.16
35,32,1.0,2.39,0.1
1,11,1.0,2.03,0.1
13,26,0.5,1.06,1.09
15,38,1.0,2.51,1.16
21,18,1.0,1.92,0.1
23,35,0.0,0.85,2.21
31,12,0.0,0.19,2.32
32,14,0.5,0.43,0.78
33,2,0.0,0.25,2.39
34,22,0.0,1.77,3.06
37,25,1.0,1.27,0.12
11,38,0.0,0.19,2.03
14,26,1.0,1.97,0.21
15,33,0.0,0.8,3.55
18,12,0.0,0.09,1.75
23,34,1.0,1.91,0.08
31,37,1.0,1.19,0.04
35,13,1.0,1.82,0.45
25,22,0.0,0.21,1.99
32,21,0.0,2.71,4.37
2,1,0.0,0.4,2.42
1,15,1.0,2.05,0.09
13,32,1.0,1.19,0.04
21,2,0.5,2.09,2.26
22,11,1.0,3.36,1.75
26,18,1.0,1.64,0.14
33,31,0.5,2.17,2.05
38,25,0.0,1.11,3.12
12,23,1.0,3.66,0.22
34,35,0.0,0.81,2.69
37,14,0.5,1.01,1.0
13,18,1.0,1.46,0.32
21,14,1.0,3.91,0.19
23,11,1.0,2.19,0.27
26,25,0.5,0.09,0.13
31,1,0.5,1.71,1.81
34,15,1.0,1.52,0.18
2,37,1.0,3.72,3.0
12,38,0.5,0.18,0.13
33,32,1.0,1.26,0.18
35,22,0.0,0.68,1.85
11,26,1.0,2.17,1.11
14,2,1.0,2.33,1.18
15,31,0.0,0.08,2.43
18,35,0.5,1.25,1.24
25,33,0.0,0.19,2.91
32,23,1.0,2.61,0.78
38,34,1.0,2.25,0.25
1,13,1.0,1.98,0.04
37,21,0.5,1.08,1.19
22,12,0.0,0.18,1.53
2,38,0.0,0.3,1.93
12,25,1.0,2.81,0.13
13,37,1.0,2.98,0.74
21,1,1.0,5.0,0.42
26,22,0.5,0.3,0.28
31,32,0.5,2.2,2.37
33,18,0.0,0.35,1.89
34,11,1.0,2.26,0.11
23,15,0.5,1.68,1.24
35,14,1.0,1.46,0.07
11,2,0.5,0.24,0.21
18,31,0.0,0.25,1.25
37,12,0.5,1.13,1.08
38,26,1.0,1.81,0.02
1,23,0.5,0.07,0.1
15,21,0.0,1.74,2.91
25,35,0.0,0.45,2.45
32,34,0.5,1.07,1.1
1,33,1.0,5.27,0.84
11,18,0.0,0.17,3.55
12,14,1.0,1.25,0.2
13,23,0.0,0.0,1.77
22,32,1.0,1.14,0.06
37,15,0.5,1.05,1.05
38,31,1.0,3.17,1.4
21,34,1.0,3.98,2.32
25,2,1.0,1.51,0.08
26,35,1.0,1.21,0.02
14,38,1.0,1.19,0.15
15,12,0.0,0.66,1.45
18,25,0.0,0.8,3.48
31,21,0.0,0.11,2.6
32,1,1.0,1.19,0.08
2,26,1.0,4.96,1.26
34,13,0.5,1.21,1.14
35,11,1.0,1.38,0.14
11,15,1.0,2.59,0.73
12,35,1.0,1.54,0.12
13,31,0.0,0.14,1.31
26,32,0.5,0.73,0.74
37,23,0.0,0.08,2.72
2,12,1.0,1.36,0.04
14,11,1.0,1.75,0.65
15,25,1.0,1.26,0.02
18,22,0.0,0.11,2.36
31,26,1.0,1.77,1.37
32,38,1.0,2.86,1.23
33,13,0.5,0.14,0.39
34,37,0.0,1.13,2.37
23,21,0.0,0.16,2.55
35,1,0.0,0.35,1.65
11,21,0.0,2.13,5.05
12,1,1.0,5.85,0.41
14,34,1.0,3.11,1.79
18,37,1.0,3.18,0.13
22,15,1.0,3.95,0.2
25,13,1.0,1.48,0.08
26,33,1.0,3.19,0.19
38,23,0.0,0.16,2.48
2,32,0.0,1.07,3.44
35,31,1.0,3.31,2.14
1,34,0.5,1.76,1.81
23,22,0.0,0.14,2.13
25,14,0.0,0.12,2.61
21,33,1.0,2.0,0.72
38,18,1.0,2.1,0.82
1,22,0.5,1.28,1.43
13,12,1.0,1.27,0.17
23,2,1.0,3.6,1.11
31,25,1.0,3.24,0.13
32,18,1.0,1.19,0.0
34,26,1.0,3.03,0.13
37,11,0.5,2.76,1.93
15,14,0.0,0.76,1.59
21,35,1.0,3.74,0.09
33,38,0.0,0.65,2.1
2,15,0.0,0.84,1.54
11,13,0.0,0.29,1.94
12,32,1.0,2.77,0.15
18,34,1.0,1.29,0.12
22,31,1.0,4.06,1.45
25,23,0.0,0.42,1.9
26,37,0.0,0.08,1.34
14,1,1.0,3.07,0.07
38,21,0.0,1.14,2.21
35,33,1.0,4.07,1.2
13,2,1.0,1.52,0.27
15,26,1.0,1.43,0.08
31,11,0.0,0.09,1.19
32,25,1.0,1.39,0.09
33,14,0.0,0.03,1.31
37,35,0.5,2.94,1.95
21,22,1.0,3.26,1.52
34,12,0.0,0.19,1.28
1,38,1.0,2.72,1.16
14,13,0.0,1.23,2.85
22,33,0.5,1.8,1.81
2,31,0.5,0.19,0.12
11,32,0.5,1.24,1.05
12,33,0.0,1.01,2.18
25,34,0.0,1.08,2.84
35,15,1.0,2.88,1.07
38,13,0.0,0.06,1.3
14,23,1.0,2.38,0.07
18,1,0.0,0.11,2.71
26,21,0.0,1.66,2.83
22,37,1.0,3.44,1.06
15,18,0.5,1.36,1.56
23,26,1.0,3.4,0.09
31,14,1.0,2.24,0.32
32,35,0.0,0.14,1.55
34,2,1.0,3.59,1.12
37,38,1.0,1.31,0.3
13,22,0.0,0.18,2.32
21,12,0.0,0.19,2.04
33,11,1.0,3.52,0.41
1,25,1.0,3.73,0.46
2,18,1.0,3.98,1.2
14,22,0.0,1.66,2.98
23,33,0.0,0.18,1.22
25,11,1.0,2.79,0.04
32,15,1.0,3.39,0.21
34,31,0.0,0.05,1.17
38,35,1.0,3.34,0.3
1,37,1.0,1.4,0.36
12,26,0.5,0.03,0.07
13,21,0.5,2.49,1.14
23,18,1.0,2.79,0.77
22,2,1.0,3.2,0.04
33,37,1.0,2.36,0.13
11,12,0.0,1.08,2.06
15,13,0.5,1.74,1.73
18,14,0.0,0.14,2.17
21,25,1.0,2.11,1.02
22,38,1.0,2.19,0.02
26,1,0.0,0.35,2.07
31,23,0.5,1.2,1.34
33,34,0.0,0.67,2.83
35,2,1.0,3.53,0.64
37,32,0.0,0.82,1.95
1,13,1.0,2.35,1.02
20,14,0.5,2.07,2.1
23,34,0.0,0.76,1.93
28,18,0.0,0.08,1.23
32,2,0.0,0.03,1.1
37,33,0.5,1.76,1.75
38,35,0.0,0.07,1.72
21,31,1.0,1.86,0.69
25,22,0.0,0.11,2.13
10,12,0.0,1.22,3.22
2,25,0.5,0.18,0.08
12,20,1.0,1.92,0.06
13,38,0.0,0.71,2.92
14,1,0.5,2.22,1.93
31,37,0.5,0.1,0.02
34,10,1.0,1.39,0.2
18,32,0.5,1.15,1.13
33,23,0.5,1.16,1.23
35,28,1.0,3.71,0.14
22,21,1.0,2.73,0.61
10,23,0.5,0.34,0.09
14,12,0.0,1.19,4.77
22,32,0.0,0.18,1.6
25,13,0.5,2.58,1.56
28,33,1.0,1.47,0.02
34,37,1.0,2.95,0.1
38,31,0.0,1.29,2.7
2,18,1.0,2.21,0.74
20,1,0.5,1.52,1.83
35,21,0.0,0.14,2.57
1,22,0.5,1.89,1.82
12,34,1.0,3.61,1.73
13,10,0.5,0.06,0.16
21,2,0.0,0.2,2.49
31,25,1.0,3.59,0.07
32,20,0.0,0.41,1.3
33,35,0.5,1.7,1.77
37,14,0.0,0.23,2.13
23,28,1.0,3.91,0.05
18,38,0.5,1.83,1.79
2,1,0.0,0.27,3.43
10,33,0.5,0.12,0.23
25,18,0.5,0.3,0.08
28,32,0.5,1.77,1.75
34,31,0.0,0.26,1.25
38,21,1.0,2.89,1.6
14,13,0.0,1.75,2.73
20,23,1.0,4.44,2.77
22,12,0.5,0.89,0.93
35,37,0.0,0.04,1.16
1,35,0.5,0.88,0.67
12,2,1.0,2.63,0.03
13,20,1.0,1.85,0.05
18,22,0.0,2.79,4.13
21,14,0.5,0.74,0.8
23,38,1.0,2.36,1.21
31,28,1.0,1.36,0.67
33,34,0.5,0.22,0.11
37,10,1.0,3.5,0.06
32,25,1.0,1.35,0.23
2,22,0.0,0.13,1.96
18,13,1.0,1.97,0.06
20,10,0.5,2.31,2.01
21,37,1.0,1.93,0.41
33,32,1.0,3.0,1.43
34,25,0.5,1.7,1.82
12,1,1.0,1.87,0.18
23,14,1.0,2.03,0.73
35,31,1.0,1.4,0.19
38,28,1.0,1.96,0.11
1,18,0.5,1.7,1.86
10,38,0.0,0.78,2.39
13,12,0.0,0.84,1.95
14,2,1.0,2.7,0.18
22,35,1.0,3.82,1.18
25,20,1.0,1.56,0.01
31,33,1.0,6.7,0.09
28,21,0.0,1.26,1.49
32,34,1.0,2.75,1.32
37,23,0.5,1.76,1.84
21,18,0.5,0.47,0.02
31,32,1.0,2.06,0.03
33,1,0.0,0.13,2.09
34,20,1.0,1.98,0.19
37,13,0.5,1.2,2.06
38,22,1.0,1.88,0.79
10,14,0.0,1.27,2.98
23,12,0.5,0.82,0.73
35,25,0.0,1.13,2.2
28,2,1.0,2.01,0.09
1,10,1.0,2.66,0.24
12,28,1.0,2.1,0.73
14,34,0.5,0.06,0.11
18,31,0.0,0.37,1.38
20,37,0.0,0.08,1.14
25,21,1.0,1.16,0.25
32,38,0.5,1.74,1.84
2,35,0.0,1.13,2.04
22,23,1.0,1.45,0.1
13,33,0.0,0.87,2.54
10,18,1.0,1.15,0.15
21,12,0.0,1.07,2.2
23,13,1.0,1.19,0.05
28,22,0.5,1.81,1.36
31,20,1.0,1.79,0.22
38,2,0.5,0.62,0.24
33,14,0.5,0.66,0.08
34,1,1.0,1.96,0.86
35,32,0.0,0.76,2.39
37,25,0.0,0.3,2.11
1,23,0.0,0.65,1.88
12,37,1.0,2.76,0.09
14,38,1.0,1.91,0.74
20,33,0.5,0.17,0.17
22,34,1.0,2.99,1.03
25,28,1.0,1.13,0.03
32,10,0.0,1.23,2.2
13,21,1.0,2.83,1.09
18,35,0.0,1.11,2.19
2,31,0.5,1.14,1.25
10,2,0.5,1.21,1.09
21,32,1.0,1.3,0.23
23,18,1.0,2.88,0.17
28,20,1.0,3.02,1.76
33,12,0.5,0.15,0.23
34,13,0.5,1.14,1.06
37,1,0.0,0.1,1.49
38,25,1.0,1.49,0.09
31,22,0.0,0.39,2.6
35,14,1.0,2.32,1.95
10,25,0.5,1.03,1.11
13,2,0.0,0.17,1.3
20,21,0.0,1.08,2.74
23,32,1.0,2.09,1.11
34,28,1.0,1.85,0.15
37,38,0.0,1.43,2.4
1,31,1.0,1.23,0.07
12,35,1.0,3.08,0.14
14,18,0.5,1.03,1.13
33,22,0.0,1.1,3.5
18,37,0.5,0.16,0.02
21,33,0.5,0.05,0.04
22,14,1.0,1.46,0.09
25,12,1.0,1.86,0.83
28,10,1.0,1.91,0.11
32,1,1.0,3.87,1.29
35,13,0.5,0.03,0.08
2,20,1.0,2.16,1.13
38,34,1.0,3.14,1.15
31,23,0.0,1.08,2.31
1,25,1.0,3.09,0.86
10,31,1.0,1.2,0.13
12,18,1.0,1.85,0.2
13,32,0.5,1.06,1.08
20,22,0.0,0.16,1.38
33,38,0.5,1.21,1.28
37,2,1.0,1.27,0.15
23,21,1.0,2.95,0.17
34,35,0.0,0.82,1.99
14,28,1.0,3.0,0.2
2,23,0.5,1.26,1.07
18,34,0.0,0.17,1.47
22,13,1.0,2.54,0.38
28,37,1.0,3.53,2.06
31,14,1.0,2.63,0.09
35,10,1.0,2.47,1.16
38,20,1.0,1.92,0.6
21,1,0.5,1.69,1.76
25,33,0.0,0.14,1.3
32,12,0.0,0.11,2.18
1,28,1.0,2.23,0.77
10,21,0.0,0.05,1.53
12,38,1.0,2.24,0.23
13,31,0.0,0.77,2.36
14,32,0.0,0.23,1.37
20,35,0.0,0.76,1.79
23,25,1.0,3.06,0.7
33,18,0.0,1.39,2.72
34,2,1.0,1.4,0.1
37,22,0.0,0.81,3.76
2,33,0.5,0.25,0.24
18,20,0.0,0.25,1.36
22,10,0.5,2.05,1.68
25,14,1.0,2.81,1.66
28,13,0.5,0.05,0.08
31,12,0.5,1.18,1.44
32,37,1.0,1.96,0.08
35,23,0.5,0.08,0.08
38,1,0.0,0.66,2.25
21,34,1.0,3.39,0.72
2,13,0.5,0.16,0.09
18,14,1.0,2.64,0.12
21,20,0.5,2.12,1.83
22,33,1.0,1.76,1.46
25,10,0.5,2.65,1.91
28,34,0.5,1.11,1.18
31,1,1.0,2.03,0.19
32,23,0.5,1.32,1.26
35,12,1.0,4.55,2.41
38,37,0.5,1.58,1.2
10,28,1.0,3.43,1.18
12,25,1.0,1.83,0.16
13,35,1.0,1.85,0.4
14,22,0.5,0.66,0.67
20,2,1.0,2.88,0.04
33,21,0.0,0.18,1.52
34,38,0.5,1.09,1.05
37,18,1.0,2.01,0.07
1,32,1.0,2.93,0.04
23,31,0.0,0.05,1.15
2,21,0.0,0.25,2.07
10,13,0.0,2.11,3.37
20,32,0.0,0.06,1.49
25,31,0.0,1.0,2.26
28,23,0.0,0.05,1.79
34,12,0.0,0.25,4.78
35,33,1.0,2.36,1.09
22,1,0.0,0.11,2.12
38,18,1.0,2.5,0.08
14,37,0.5,0.33,0.04
12,22,0.5,1.03,1.18
13,14,0.0,0.57,1.36
18,25,0.0,0.69,1.79
21,38,1.0,1.82,0.35
23,20,1.0,3.33,0.77
32,28,1.0,3.0,1.23
33,10,1.0,2.52,0.04
37,35,0.0,0.21,2.86
1,2,1.0,4.32,0.16
31,34,0.0,0.05,1.34
2,12,0.0,0.84,2.01
14,21,0.5,0.11,0.22
20,13,0.0,0.19,1.26
22,18,0.5,1.18,1.06
28,31,0.0,0.02,1.16
34,33,0.5,1.07,1.03
35,1,1.0,2.17,1.06
10,37,0.5,2.14,1.99
25,32,0.5,0.63,0.69
38,23,0.5,0.36,0.82
1,20,1.0,2.34,0.57
18,2,1.0,2.15,0.44
21,35,1.0,2.8,1.75
33,28,0.0,0.2,2.09
12,14,1.0,1.23,0.03
13,25,0.5,1.18,1.15
23,10,1.0,2.88,1.11
31,38,0.5,0.26,0.13
32,22,0.0,1.11,3.59
37,34,1.0,1.72,0.11
2,32,0.0,1.05,2.09
12,10,0.5,1.14,1.42
13,1,0.0,0.86,2.2
18,28,1.0,2.43,1.09
22,25,1.0,4.61,0.11
33,37,0.5,0.1,0.06
34,23,1.0,2.14,1.11
14,20,0.5,1.3,1.6
31,21,0.0,0.09,1.99
35,38,0.5,1.7,1.19
10,34,0.0,0.02,1.2
23,33,1.0,1.96,0.13
25,2,1.0,1.4,0.16
32,18,1.0,1.18,0.02
37,31,1.0,1.24,0.23
38,13,0.0,1.04,2.9
1,14,1.0,2.08,0.24
21,22,1.0,2.41,1.01
2,37,1.0,1.76,0.36
18,33,0.5,1.11,1.26
31,13,1.0,1.2,0.03
21,10,1.0,1.9,0.2
22,20,1.0,2.25,0.09
25,23,0.0,0.04,1.11
28,1,0.0,0.71,2.0
32,14,1.0,1.94,0.15
35,34,1.0,2.88,1.69
38,12,0.0,0.66,1.49
28,35,0.0,0.85,1.92
1,38,1.0,2.82,0.1
10,22,1.0,1.09,0.15
13,28,1.0,3.31,0.22
20,18,0.5,0.12,0.06
33,2,0.0,0.18,4.33
37,32,1.0,1.32,0.15
12,31,0.5,1.02,1.17
14,25,1.0,2.23,0.03
23,35,1.0,3.34,0.09
34,21,0.0,0.03,1.49
2,34,0.0,0.04,1.35
22,37,1.0,3.32,0.12
25,1,0.0,0.51,2.23
31,10,1.0,2.47,0.11
32,13,0.0,1.26,2.29
35,20,1.0,3.71,2.44
38,33,1.0,1.53,0.53
18,12,0.0,2.35,3.34
21,23,0.0,0.79,2.0
28,14,0.0,0.73,1.98
1,21,1.0,4.15,0.2
12,32,1.0,2.38,1.08
14,31,1.0,1.39,0.03
20,38,1.0,2.34,1.15
23,2,1.0,2.53,0.23
34,18,1.0,3.0,0.79
37,28,0.0,0.79,3.78
10,35,0.5,0.25,0.25
33,25,1.0,1.25,0.53
13,22,1.0,1.8,0.74
2,28,0.5,2.28,2.61
10,1,0.0,0.83,1.55
31,18,1.0,1.98,0.32
33,13,0.0,0.62,1.14
34,14,0.5,1.03,1.03
35,2,0.0,0.59,1.67
37,20,0.0,2.03,3.09
38,32,0.5,1.09,1.41
23,22,1.0,3.55,1.13
28,12,0.0,0.15,1.29
21,25,1.0,2.02,0.53
12,23,1.0,1.42,0.13
13,37,0.0,0.18,1.83
14,10,1.0,1.39,0.05
20,34,1.0,2.36,0.12
32,31,1.0,2.21,1.08
22,38,1.0,2.48,0.16
25,35,0.0,0.67,2.7
10,20,0.0,0.07,1.09
13,18,0.0,0.14,1.2
22,2,1.0,2.69,1.35
25,34,0.0,1.04,2.86
28,38,0.5,0.06,0.1
31,35,0.5,1.19,1.75
32,33,0.5,1.09,1.19
37,21,0.5,0.17,0.01
1,12,0.5,0.07,0.14
14,23,1.0,3.06,0.34
18,21,1.0,2.02,0.04
20,12,0.0,1.26,2.57
2,14,1.0,2.86,0.3
20,25,1.0,3.26,0.1
21,28,1.0,2.11,0.78
23,37,0.0,0.08,1.14
33,31,1.0,2.08,1.08
34,32,1.0,1.94,0.11
38,10,1.0,1.81,0.42
12,13,1.0,1.39,0.2
35,22,0.0,0.3,1.37
18,1,0.0,0.73,3.89
2,38,1.0,1.36,0.13
13,23,0.0,0.74,2.09
14,33,0.0,0.32,1.83
18,10,0.0,0.1,1.18
20,31,1.0,2.34,0.05
25,37,0.5,1.18,1.52
32,35,1.0,2.85,0.43
12,21,0.5,1.21,1.7
22,28,1.0,4.94,0.09
1,34,0.0,0.12,1.38
10,32,0.5,0.06,0.13
21,13,0.0,1.11,2.77
28,25,1.0,2.1,1.15
31,2,1.0,5.63,1.24
33,20,0.5,0.04,0.11
35,18,1.0,1.78,0.03
38,14,0.0,0.73,2.07
23,1,0.5,1.43,1.13
34,22,0.0,1.82,3.7
37,12,1.0,2.63,0.51
1,33,0.5,0.34,0.09
1,37,1.0,4.62,0.66
2,10,0.0,0.24,1.41
12,33,1.0,3.09,1.05
13,34,1.0,1.33,0.07
14,35,0.0,0.13,1.34
18,23,0.5,0.11,0.06
20,28,1.0,4.34,0.36
22,31,1.0,2.2,0.12
25,38,1.0,1.85,0.32
32,21,1.0,5.82,0.76
8,2,0.0,0.1,1.63
12,34,0.5,2.04,1.97
14,36,0.5,1.26,1.69
20,33,1.0,3.59,0.36
23,35,1.0,1.39,0.09
26,13,0.0,0.89,2.62
1,38,0.0,0.2,1.9
25,31,0.5,1.31,1.74
32,21,0.0,0.07,1.18
37,22,0.0,0.18,3.2
2,23,0.0,0.14,1.2
31,14,0.0,0.24,3.25
33,26,0.0,0.74,3.08
34,25,1.0,2.12,0.13
35,32,0.5,2.08,1.69
36,37,0.5,0.02,0.05
38,20,0.0,0.86,2.48
13,1,0.0,1.08,2.61
22,12,1.0,2.64,0.27
21,8,1.0,1.35,0.16
13,2,1.0,1.98,0.65
20,35,0.5,0.76,0.72
23,25,0.5,0.08,0.16
26,32,0.5,1.08,1.64
33,34,0.5,1.01,1.0
38,8,0.0,1.97,3.71
14,22,0.0,0.06,1.85
36,31,0.5,0.33,0.13
37,12,0.0,1.94,3.42
1,21,0.5,0.17,0.64
2,33,0.5,2.04,1.88
8,20,0.5,1.32,1.68
12,13,0.0,0.74,1.84
21,38,0.0,0.56,2.97
22,36,1.0,1.97,0.2
25,1,0.0,0.15,1.42
32,37,0.0,0.15,1.39
35,14,0.5,0.19,0.15
31,26,1.0,2.79,0.26
34,23,1.0,2.01,0.69
1,32,1.0,2.14,0.14
13,22,0.0,0.05,1.95
14,12,1.0,2.88,1.13
23,21,1.0,2.55,0.77
26,8,1.0,2.55,0.21
36,34,1.0,1.19,0.1
37,31,0.5,0.31,0.19
20,2,1.0,2.66,1.77
33,35,0.0,0.02,1.16
38,25,1.0,2.24,0.11
2,37,0.0,0.08,2.08
8,33,1.0,2.69,0.27
12,1,1.0,2.02,0.18
22,38,0.0,1.14,2.47
25,36,0.0,0.85,2.21
32,20,0.5,2.09,1.78
34,14,0.5,0.04,0.04
21,26,0.5,0.86,0.94
31,23,0.0,1.73,2.99
35,13,1.0,1.16,0.05
20,1,0.0,1.7,2.72
21,2,1.0,2.76,1.26
23,33,1.0,2.5,0.05
25,12,0.5,1.59,1.84
31,34,1.0,2.58,0.89
32,8,1.0,2.03,0.43
35,22,1.0,3.66,1.15
38,26,0.5,1.9,1.77
36,13,0.0,0.13,1.1
37,14,0.0,1.69,2.72
2,32,0.0,0.06,1.34
8,36,0.5,1.18,1.28
12,31,0.0,1.29,2.71
13,37,1.0,1.83,0.18
22,25,1.0,4.77,1.1
26,20,0.0,0.87,1.96
33,38,0.5,2.04,1.91
1,23,1.0,3.32,0.41
14,21,0.5,1.32,1.64
34,35,0.5,2.02,2.01
12,2,1.0,2.02,0.18
13,38,0.0,1.04,2.79
14,23,0.0,0.12,2.91
22,8,1.0,5.24,1.29
31,20,0.5,2.08,1.75
35,21,0.5,0.28,0.44
36,1,0.0,0.07,2.75
37,33,1.0,1.82,0.02
25,26,1.0,3.86,2.07
34,32,0.0,0.24,1.22
1,14,1.0,3.53,1.25
2,34,0.0,0.74,1.86
20,13,1.0,1.33,0.06
26,37,0.0,0.15,1.24
32,36,0.0,0.51,2.76
38,12,1.0,1.97,0.82
8,35,0.0,1.1,5.0
21,31,0.5,0.3,0.8
23,22,0.5,0.31,0.32
33,25,1.0,2.73,0.32
12,21,0.0,1.08,3.05
13,23,0.5,0.05,0.13
22,26,1.0,1.91,0.77
25,32,0.5,0.05,0.08
34,1,0.0,0.07,2.73
36,38,1.0,2.01,0.16
37,20,0.0,1.79,2.88
14,33,1.0,4.91,1.78
31,8,1.0,2.31,0.23
35,2,1.0,3.05,0.76
8,25,0.0,0.1,1.91
20,36,1.0,1.97,0.67
23,37,1.0,1.97,0.13
26,34,1.0,1.12,0.1
32,12,1.0,1.22,0.07
33,31,0.0,0.14,1.35
38,14,0.5,1.15,1.17
1,35,0.5,1.29,1.91
2,22,0.5,0.21,0.71
21,13,0.0,1.07,2.48
12,26,1.0,1.32,0.17
14,2,1.0,4.83,0.06
22,21,0.0,1.18,4.35
25,20,0.0,0.1,2.69
31,32,0.0,0.1,1.44
34,8,0.5,2.16,2.21
36,23,0.0,0.83,2.04
37,1,1.0,2.64,1.63
35,38,1.0,3.74,0.77
13,33,0.0,0.11,1.21
2,36,0.0,1.7,2.87
8,14,0.5,1.63,2.8
13,25,1.0,4.98,1.18
20,23,0.5,1.23,1.11
22,31,1.0,2.93,0.77
33,32,1.0,2.08,0.13
21,34,1.0,1.19,0.14
26,1,0.5,1.17,1.14
35,12,0.5,0.2,0.09
38,37,0.5,1.17,1.26
1,33,1.0,2.88,1.2
12,8,0.0,0.11,1.34
23,38,0.5,0.14,0.09
31,2,0.5,1.17,1.48
32,22,1.0,2.33,0.08
34,20,0.0,0.25,3.07
36,26,1.0,1.86,0.12
37,35,0.5,1.2,1.09
25,21,1.0,1.91,0.35
14,13,0.5,0.94,0.96
8,23,1.0,2.18,1.48
13,31,1.0,2.3,0.06
22,34,1.0,1.85,0.7
26,14,0.5,1.16,1.15
33,36,0.0,0.28,2.19
38,32,0.5,0.15,0.15
2,1,0.0,0.28,2.32
21,37,0.5,1.73,1.82
35,25,0.0,1.07,2.18
20,12,1.0,2.01,0.45
12,33,1.0,2.72,0.15
14,20,0.0,1.75,3.01
23,26,0.0,0.79,1.66
25,2,0.5,1.13,1.27
31,35,0.0,0.54,2.28
32,13,0.0,0.8,2.18
37,8,0.0,0.21,2.03
34,38,0.5,0.1,0.2
36,21,1.0,2.95,0.14
1,22,1.0,3.02,0.51
2,38,0.5,1.3,1.38
8,13,0.5,0.47,0.16
12,36,0.5,1.76,1.93
21,20,1.0,1.26,0.06
22,33,1.0,4.05,0.82
25,14,0.0,0.13,1.02
31,1,1.0,3.36,0.13
32,23,1.0,2.22,0.1
34,37,1.0,1.32,0.12
35,26,1.0,2.95,0.08
1,8,1.0,2.09,0.14
13,34,0.5,0.0,0.04
14,32,0.0,1.25,3.35
23,12,0.5,0.21,0.17
26,2,1.0,2.68,0.15
36,35,0.0,1.41,2.43
37,25,1.0,1.25,0.07
38,31,1.0,2.15,1.02
20,22,0.5,0.13,0.1
33,21,0.0,0.19,1.11
1,25,1.0,1.2,0.08
20,8,0.5,0.46,0.32
23,34,1.0,1.8,0.77
26,31,1.0,1.1,0.54
33,2,1.0,2.69,0.33
36,22,0.0,0.61,1.89
37,32,1.0,1.72,0.65
38,21,1.0,2.26,0.17
13,12,0.0,0.12,2.89
14,35,0.5,1.2,1.42
2,13,1.0,1.99,0.03
8,38,0.0,1.06,2.82
25,23,0.5,2.64,2.69
12,37,0.5,1.8,1.78
21,1,0.5,2.28,2.77
22,14,0.5,0.44,0.23
31,36,1.0,2.15,0.24
32,26,1.0,2.52,0.14
34,33,0.0,2.03,4.01
35,20,0.0,0.21,1.39
2,20,0.5,1.63,1.22
8,26,1.0,2.63,0.34
12,14,0.5,2.23,2.12
22,13,1.0,3.73,0.41
25,38,1.0,2.27,0.8
31,37,1.0,2.87,0.13
35,33,1.0,3.66,1.05
21,23,0.0,0.1,1.2
32,1,0.5,0.31,0.15
34,36,1.0,1.31,0.19
13,35,0.0,1.12,2.67
20,32,1.0,2.7,0.05
23,31,0.0,0.01,1.29
26,21,0.0,3.37,4.32
33,8,0.5,1.68,1.13
36,25,1.0,1.93,0.74
37,2,0.5,0.13,0.12
38,22,0.5,1.34,1.7
1,12,0.0,0.39,1.45
14,34,0.0,1.1,2.32
1,31,0.5,0.2,0.13
13,8,0.0,1.12,2.17
20,21,1.0,1.97,0.3
23,32,1.0,2.91,0.23
26,35,0.0,0.1,2.96
33,22,0.0,0.31,1.35
37,34,0.5,0.64,0.67
38,2,1.0,1.82,0.1
14,25,1.0,2.52,0.12
36,12,0.5,0.15,0.25
2,26,1.0,2.02,0.13
21,33,0.5,1.47,1.34
22,20,0.0,0.9,2.82
25,37,1.0,1.41,0.06
31,38,1.0,1.4,0.14
32,14,0.0,0.18,3.14
34,13,0.5,1.21,1.14
35,36,1.0,1.61,0.16
8,1,0.0,0.11,2.3
12,23,0.5,0.75,0.79
8,32,0.0,0.87,2.37
12,25,1.0,4.87,0.71
13,36,0.0,1.0,2.54
14,37,0.0,0.11,1.55
26,38,0.5,0.27,1.4
33,23,1.0,2.11,1.09
34,31,0.0,0.06,1.14
1,20,1.0,2.06,1.15
2,21,0.0,0.14,5.09
22,35,0.0,0.69,1.9
20,26,1.0,1.2,0.34
31,12,0.0,1.12,2.17
32,2,1.0,1.81,0.81
36,8,0.5,0.08,0.12
37,13,1.0,3.2,1.26
38,33,1.0,2.01,0.14
35,34,1.0,2.13,1.04
23,1,1.0,2.94,1.46
2,14,0.0,0.81,3.4
8,31,1.0,2.12,0.27
20,37,0.5,2.19,1.97
26,12,0.0,0.79,2.6
33,13,0.5,1.81,1.78
1,34,0.0,1.14,2.21
21,22,1.0,2.92,0.1
23,36,1.0,1.42,0.04
32,25,1.0,1.3,0.05
38,35,1.0,1.62,0.1
12,32,0.5,1.07,1.03
14,38,0.0,1.74,2.23
22,2,1.0,3.3,0.12
25,8,0.0,0.78,2.25
31,33,0.5,0.3,0.76
34,26,1.0,1.14,0.15
35,1,0.5,1.82,1.16
36,20,0.0,0.05,1.3
13,21,0.0,0.74,1.88
37,23,1.0,1.15,0.06
8,34,1.0,2.9,1.77
26,22,0.5,0.05,0.36
32,31,0.0,0.81,2.15
2,35,0.0,0.13,2.14
20,25,1.0,1.73,0.28
12,38,0.5,1.93,1.75
13,20,0.0,0.14,1.41
14,1,0.0,0.23,2.35
34,2,1.0,1.2,0.18
36,32,0.0,0.89,1.97
37,26,0.0,0.05,1.29
22,23,0.0,0.26,1.37
25,33,0.5,1.03,1.0
31,21,1.0,2.61,2.4
35,8,1.0,2.89,0.1
1,36,1.0,3.63,0.16
2,12,0.0,0.17,3.69
8,22,0.0,0.22,3.91
21,35,0.5,0.16,0.2
26,25,1.0,2.66,1.35
32,34,0.5,1.68,1.68
33,37,0.5,0.04,0.04
38,13,0.5,2.15,1.91
20,31,1.0,1.32,0.06
23,14,1.0,1.88,0.16
2,8,0.0,0.74,2.05
13,26,1.0,1.07,0.05
22,37,1.0,2.58,1.36
31,25,1.0,2.95,0.65
34,12,1.0,1.87,0.21
36,14,0.5,1.13,1.04
38,1,0.5,2.39,2.64
21,32,1.0,3.68,1.06
33,20,0.0,0.32,1.95
35,23,1.0,2.53,0.1
13,14,0.5,0.69,0.15
12,22,0.0,0.26,2.65
14,31,0.5,0.79,0.73
23,2,1.0,1.61,0.06
25,34,1.0,2.73,0.1
26,33,0.0,0.25,1.76
37,36,0.0,0.18,1.87
1,13,0.5,1.18,1.1
8,21,0.0,0.24,2.38
20,38,0.5,1.81,1.79
32,35,0.0,0.18,3.29
25,22,0.5,1.18,1.19
21,14,1.0,3.49,0.09
23,13,1.0,2.29,0.13
38,36,1.0,3.19,0.6
1,37,1.0,2.53,0.11
2,31,0.0,1.81,3.87
8,12,0.0,1.62,3.89
21,25,0.5,2.03,1.95
22,32,1.0,3.73,0.05
20,34,1.0,3.57,0.13
33,1,0.5,0.31,0.15
35,37,0.5,1.36,1.58
1,26,1.0,1.32,0.1
14,8,1.0,2.25,1.1
25,13,1.0,1.55,0.31
32,33,0.5,0.66,0.68
36,2,1.0,2.79,1.73
37,38,0.0,0.54,2.94
23,20,0.5,1.15,1.51
31,22,1.0,3.1,1.76
34,21,1.0,2.94,0.73
12,35,0.5,1.8,2.07
2,25,0.5,0.15,0.05
8,37,0.5,1.09,1.16
13,32,1.0,2.12,1.04
20,14,1.0,2.92,0.81
26,23,0.0,0.16,1.29
33,12,1.0,3.57,2.18
38,34,0.0,0.76,4.01
21,36,1.0,1.94,0.05
22,1,0.5,1.44,1.9
35,31,0.0,1.07,2.36
38,23,1.0,1.81,1.5
21,12,0.5,1.01,1.06
26,36,1.0,4.09,1.82
33,14,1.0,2.95,0.08
1,2,1.0,3.48,0.09
12,20,0.5,0.51,0.88
14,26,1.0,3.13,0.08
25,35,1.0,4.14,0.82
31,13,1.0,3.03,0.7
32,38,1.0,2.39,1.09
34,22,0.5,1.39,1.25
36,33,0.5,1.7,1.6
37,21,0.5,1.1,1.11
23,8,1.0,2.82,0.23
10,34,0.0,0.27,1.16
13,37,0.0,0.06,1.14
14,35,0.5,1.05,1.18
18,20,1.0,1.99,0.83
22,33,1.0,2.15,0.19
24,32,0.5,1.19,1.79
31,36,0.5,1.09,1.04
1,21,0.0,2.22,3.5
8,23,0.0,0.69,1.91
12,38,1.0,2.0,0.67
23,31,1.0,2.41,0.13
10,21,1.0,3.06,0.61
20,1,0.5,0.43,0.21
32,22,0.0,0.69,2.92
34,18,0.0,0.06,1.85
35,13,1.0,1.15,0.06
36,12,0.0,0.78,1.43
37,14,0.0,1.11,2.21
33,24,0.0,0.8,2.31
38,8,1.0,1.21,0.12
12,10,1.0,3.1,0.05
13,8,0.5,1.17,1.06
14,32,1.0,1.14,0.11
18,23,0.0,0.05,1.7
20,34,1.0,2.01,0.76
31,33,0.5,0.79,0.74
35,21,0.5,1.16,1.06
36,1,0.0,0.72,3.26
22,38,1.0,3.31,0.74
37,24,0.5,0.16,0.23
1,31,1.0,2.5,1.34
8,37,1.0,1.16,0.01
10,18,0.5,0.91,0.67
21,20,1.0,3.67,1.07
23,22,0.0,1.16,2.3
24,13,0.0,1.07,2.28
32,35,0.0,0.6,3.54
38,36,0.0,2.02,3.65
34,12,0.5,1.56,1.69
33,14,0.0,0.37,2.45
12,21,0.0,0.25,2.31
14,24,1.0,3.38,1.28
18,1,0.0,0.78,2.01
20,10,1.0,2.75,0.14
22,8,1.0,3.27,0.5
37,38,1.0,3.9,1.45
13,32,1.0,3.82,0.85
31,34,1.0,1.17,0.14
35,33,1.0,1.17,0.08
36,23,1.0,2.47,0.66
1,12,1.0,3.61,0.13
8,14,1.0,2.05,0.42
21,18,1.0,5.01,0.82
23,20,1.0,4.69,0.74
24,35,0.0,0.83,2.71
32,37,0.5,0.74,0.23
33,13,0.0,1.75,2.89
34,22,0.0,1.07,2.82
38,31,0.0,0.33,2.86
10,36,1.0,1.86,0.38
14,13,0.5,1.17,1.69
18,12,0.0,0.1,1.77
33,37,0.5,1.06,1.06
34,21,0.0,1.07,2.14
36,8,0.5,1.09,1.06
38,24,0.5,0.64,0.68
10,1,0.0,0.12,2.13
20,31,0.5,0.09,0.04
23,32,0.5,0.75,0.15
35,22,1.0,2.39,0.25
1,34,1.0,3.0,1.91
8,18,1.0,4.81,1.08
12,20,1.0,3.1,0.12
13,38,0.0,0.37,1.95
22,14,0.5,0.9,0.71
32,33,1.0,2.39,0.04
37,35,0.5,0.46,0.72
24,36,0.0,0.09,1.22
31,10,1.0,1.6,0.23
21,23,0.5,0.1,0.04
1,24,0.5,0.07,0.12
8,35,0.5,0.11,0.2
10,14,1.0,1.89,0.76
18,32,0.0,0.14,1.92
20,13,1.0,2.84,0.79
21,37,1.0,3.42,0.47
34,36,0.5,0.04,0.05
38,33,1.0,1.37,0.18
12,23,1.0,3.57,0.18
22,31,0.5,1.24,1.04
13,21,0.0,2.18,3.79
23,10,0.5,0.43,0.55
24,8,1.0,2.26,0.12
33,1,0.0,0.72,3.45
35,20,0.5,1.32,1.28
36,18,1.0,1.42,0.03
37,22,0.0,0.11,3.66
14,38,1.0,1.89,0.12
31,12,0.0,0.45,2.21
32,34,1.0,2.84,1.16
8,33,0.0,1.16,2.34
10,13,1.0,2.88,1.31
12,14,1.0,4.68,0.17
22,24,0.5,1.13,1.08
38,32,0.5,0.82,0.81
1,35,0.5,1.21,1.33
18,31,1.0,2.29,1.1
20,37,0.0,0.64,1.84
21,36,1.0,5.15,0.69
34,23,0.0,0.36,3.2
13,22,0.0,0.85,1.92
14,34,0.5,1.08,1.15
23,1,0.5,0.8,0.89
31,21,0.5,0.08,0.14
32,8,0.0,0.23,1.22
33,18,1.0,2.29,0.07
35,38,1.0,2.73,1.11
36,20,1.0,2.36,1.36
24,12,0.0,0.14,1.41
37,10,1.0,3.91,0.1
10,22,0.0,1.14,2.24
12,35,1.0,2.3,1.14
18,37,0.5,1.08,1.08
20,24,0.5,1.79,1.83
21,33,1.0,1.89,0.16
34,13,1.0,3.99,2.99
1,8,1.0,2.8,1.14
23,38,0.5,1.15,1.2
31,14,1.0,1.7,0.17
36,32,0.0,0.35,1.44
13,31,1.0,3.0,0.12
22,12,0.0,1.2,2.77
32,10,1.0,2.8,0.14
33,20,1.0,1.88,0.78
35,34,1.0,4.07,0.29
37,36,1.0,3.07,0.86
38,1,0.0,0.24,4.16
8,21,1.0,2.34,2.53
14,23,0.5,1.18,1.02
24,18,1.0,1.48,0.25
1,32,1.0,3.24,1.25
10,8,1.0,2.86,1.68
18,13,0.5,2.47,2.55
20,22,1.0,3.94,0.47
34,33,1.0,2.61,0.17
36,14,1.0,2.78,1.64
12,37,1.0,1.16,0.28
21,38,0.5,2.32,2.08
23,35,1.0,1.5,0.22
31,24,1.0,1.24,0.14
8,20,1.0,1.35,0.22
14,1,1.0,2.3,1.16
13,23,0.0,0.85,1.82
22,36,1.0,2.5,0.2
24,21,0.0,0.19,2.52
32,31,0.5,0.14,0.22
33,12,0.0,0.11,1.38
35,18,1.0,2.74,0.12
37,34,1.0,1.83,0.85
38,10,1.0,1.38,0.25
13,12,0.0,0.08,1.35
24,34,1.0,3.03,0.07
32,20,0.5,2.08,1.77
33,36,1.0,1.28,0.25
37,23,0.0,0.09,1.91
38,18,1.0,1.41,0.04
8,31,0.0,1.04,2.56
22,1,1.0,2.17,1.2
35,10,1.0,2.95,1.1
14,21,0.0,0.1,1.25
1,37,1.0,1.31,0.1
10,24,1.0,1.09,0.1
12,8,1.0,2.57,0.11
18,22,0.0,0.11,2.63
20,14,0.0,0.16,1.84
23,33,1.0,2.81,0.11
34,38,0.0,0.77,3.43
36,13,0.5,1.06,1.04
21,32,1.0,3.92,1.1
31,35,0.0,1.08,3.39
18,14,0.5,1.78,1.7
10,33,1.0,3.22,0.7
12,32,1.0,1.59,1.26
20,38,1.0,1.62,0.14
21,22,1.0,1.34,0.17
23,24,1.0,1.81,0.73
31,37,0.0,1.08,2.25
34,8,0.0,0.14,2.91
1,13,1.0,2.19,0.39
36,35,0.0,0.85,5.71
14,31,1.0,2.61,0.14
22,10,1.0,2.01,0.74
24,20,0.5,0.37,0.15
33,21,0.5,1.79,1.89
37,18,1.0,2.97,1.06
38,23,0.0,0.13,1.87
8,1,0.5,2.8,2.49
13,34,0.0,0.82,2.06
32,36,1.0,1.91,0.08
35,12,1.0,2.18,0.12
10,31,1.0,1.21,0.16
18,8,1.0,2.76,1.06
20,12,0.0,0.08,2.93
33,32,0.0,1.31,3.29
34,1,0.0,0.09,3.15
35,37,1.0,3.74,0.37
36,24,0.5,0.05,0.13
38,13,1.0,2.55,0.08
14,22,1.0,3.5,0.21
23,21,0.5,1.16,1.02
8,36,0.5,1.37,1.86
13,14,0.0,0.19,1.6
21,34,0.0,0.17,2.48
22,35,0.5,1.54,1.45
24,38,0.0,1.12,2.62
32,23,0.5,1.12,1.22
37,33,1.0,2.32,0.15
1,10,1.0,2.0,0.26
12,18,1.0,2.09,0.1
31,20,1.0,3.02,0.17
1,36,0.0,0.79,2.88
8,13,0.0,0.02,1.7
10,20,1.0,1.29,0.21
21,12,0.5,1.01,1.02
24,37,0.5,1.12,1.26
33,35,0.5,0.11,0.18
34,31,1.0,2.0,0.88
23,18,0.5,0.14,0.16
32,14,0.5,1.16,1.11
38,22,0.0,0.16,3.76
12,1,1.0,2.14,0.89
13,33,0.0,0.18,4.16
14,8,1.0,5.43,0.54
18,21,1.0,1.85,0.14
31,38,0.0,1.05,2.93
35,24,1.0,1.13,0.12
36,10,1.0,2.56,0.48
37,32,1.0,1.57,0.19
20,23,0.0,0.15,2.82
22,34,1.0,1.94,0.42
1,18,1.0,1.93,0.23
21,35,1.0,2.62,0.17
23,36,1.0,2.25,0.25
24,14,0.5,0.11,0.11
32,13,1.0,1.68,0.17
33,31,0.0,0.23,3.82
38,37,0.5,1.13,1.13
10,12,0.5,1.21,1.06
34,20,1.0,2.41,0.17
8,22,0.0,0.16,2.01
12,34,1.0,3.07,1.03
13,24,1.0,1.35,0.22
14,33,1.0,2.35,0.09
18,10,0.5,0.78,0.76
36,38,0.5,1.22,1.21
37,8,1.0,2.31,1.41
35,32,1.0,4.26,0.12
20,21,1.0,3.3,0.88
20,18,1.0,2.92,1.27
21,1,1.0,2.99,0.44
23,8,0.5,1.26,1.42
32,24,1.0,2.6,0.26
34,10,1.0,2.79,1.32
36,31,0.0,2.46,3.45
37,13,0.0,0.08,1.86
33,22,0.0,0.12,2.09
35,14,1.0,2.53,1.35
38,12,0.0,0.86,2.11
22,32,0.5,0.1,0.15
8,38,1.0,3.03,1.43
14,37,1.0,2.97,0.15
18,34,1.0,1.94,0.77
21,10,1.0,2.29,1.15
8,34,1.0,2.03,0.02
13,36,1.0,1.3,0.09
14,18,1.0,3.33,0.17
32,12,0.0,1.25,2.18
33,10,0.5,0.15,0.17
37,1,1.0,2.9,1.2
38,20,0.0,1.79,3.3
22,21,0.5,0.82,0.42
24,23,0.0,0.75,2.49
35,31,1.0,2.82,0.69
10,35,0.0,0.09,1.84
12,13,0.0,1.12,2.2
18,38,1.0,2.16,1.03
20,32,1.0,1.9,0.06
21,14,1.0,2.95,1.44
23,37,0.5,0.12,0.09
31,8,0.5,0.09,0.21
36,33,1.0,1.66,0.25
1,22,0.5,2.21,2.24
34,24,0.5,0.06,0.17
10,32,1.0,1.46,0.05
20,33,1.0,2.18,0.08
23,14,0.5,1.08,1.13
36,37,1.0,1.92,0.14
1,38,1.0,2.55,0.12
12,22,1.0,2.3,1.08
18,24,1.0,3.95,2.18
21,8,0.5,1.76,1.68
31,13,1.0,2.9,1.15
34,35,0.0,1.11,2.83
8,12,0.0,1.09,2.92
22,18,1.0,2.95,0.68
24,10,0.5,0.09,0.13
32,21,0.0,1.09,2.27
35,36,1.0,3.91,0.07
37,31,0.0,0.23,2.14
38,34,1.0,1.27,0.17
14,20,1.0,4.03,2.58
33,23,0.0,0.3,2.66
13,1,1.0,2.77,0.11
13,20,0.5,1.73,1.74
14,10,1.0,2.45,0.15
31,22,0.0,0.07,2.62
32,18,1.0,2.87,0.66
33,38,0.5,1.89,1.86
35,8,1.0,3.6,0.15
36,34,1.0,1.41,0.07
23,12,1.0,2.3,0.14
37,21,0.0,0.12,2.01
24,1,0.0,0.8,2.34
8,24,1.0,3.79,0.67
18,36,1.0,1.84,0.2
34,32,1.0,2.03,0.32
38,14,0.5,0.18,0.18
10,23,0.0,0.17,2.26
21,13,0.0,1.09,2.18
12,31,1.0,3.44,1.68
1,20,1.0,1.2,0.08
13,35,0.0,0.02,1.1
24,33,1.0,1.87,0.25
22,23,0.5,0.07,0.12
13,10,0.0,0.17,2.08
31,18,0.5,0.09,0.06
32,38,0.5,0.18,0.12
33,8,0.0,0.14,1.36
37,20,0.0,0.17,1.35
14,12,0.0,0.04,2.45
23,34,0.5,1.04,1.1
24,22,0.5,1.77,1.37
35,1,1.0,2.03,0.13
36,21,0.0,0.07,2.14
38,35,1.0,1.4,0.31
8,32,0.5,1.79,1.84
10,37,0.5,1.3,0.28
18,33,0.0,0.11,1.89
20,36,1.0,2.8,0.08
22,13,1.0,4.12,0.03
34,14,1.0,1.43,0.34
1,23,1.0,1.82,0.21
21,31,0.5,0.28,0.31
12,24,1.0,3.26,0.15
31,1,0.0,0.52,1.89
14,36,1.0,1.57,0.14
37,12,0.0,0.14,1.36
8,10,1.0,2.14,0.72
22,20,1.0,2.56,1.13
24,31,0.0,0.99,1.67
32,1,0.0,0.37,3.08
33,34,0.0,0.15,2.52
13,18,1.0,3.3,0.12
35,23,1.0,1.83,0.9
38,21,0.0,0.16,3.44
12,36,1.0,3.57,1.55
1,33,1.0,1.99,0.14
22,37,1.0,3.05,0.74
31,23,0.5,0.22,0.21
20,35,0.0,0.56,4.93
1,14,1.0,2.89,0.88
10,38,0.0,1.0,2.18
12,33,1.0,4.23,1.02
18,35,0.0,0.78,6.43
20,8,0.5,1.12,1.24
21,24,1.0,2.97,0.06
23,13,1.0,3.01,0.24
31,32,0.0,0.04,1.26
34,37,1.0,2.09,1.12
36,22,0.0,0.23,4.85
1,20,1.0,3.71,2.79
9,22,0.0,0.18,1.95
12,10,0.0,1.47,3.22
13,17,0.0,0.63,3.2
14,32,1.0,1.39,0.02
31,34,0.5,0.2,0.14
36,21,0.5,2.86,2.75
37,8,1.0,2.52,0.21
23,38,1.0,3.4,0.12
25,35,0.0,0.3,1.59
8,36,0.0,0.11,1.86
10,37,0.0,0.09,1.6
20,9,1.0,2.09,0.05
21,13,1.0,1.26,0.03
31,38,1.0,2.86,1.75
32,1,1.0,1.31,0.2
34,23,0.0,0.11,3.2
17,25,1.0,1.09,0.05
35,12,0.0,0.77,1.97
22,14,0.5,1.11,1.16
8,22,0.0,1.37,2.21
13,34,0.0,0.13,2.26
17,31,0.5,0.13,0.06
23,20,1.0,2.03,0.17
25,38,1.0,2.52,0.24
36,9,0.5,0.09,0.14
12,14,1.0,2.43,0.08
21,1,1.0,3.73,0.12
35,10,0.5,0.14,0.6
37,32,0.5,0.72,0.82
1,8,1.0,3.18,0.26
9,37,1.0,2.63,0.74
14,35,0.0,0.32,2.89
20,12,0.0,0.27,1.99
22,21,1.0,4.44,0.1
31,36,0.0,0.09,2.16
32,23,0.5,1.8,1.76
10,13,1.0,1.55,0.13
34,25,0.0,0.14,1.23
38,17,1.0,1.92,0.04
8,9,1.0,1.94,0.63
13,31,0.0,0.21,1.3
17,20,0.5,0.83,0.95
21,10,0.5,1.16,1.65
25,32,1.0,1.92,0.76
35,34,0.5,0.13,0.19
36,22,0.0,0.09,4.13
37,38,0.5,0.22,0.27
12,1,0.5,0.14,0.14
23,14,1.0,3.24,0.16
10,17,0.5,0.5,0.15
14,8,1.0,1.83,0.69
20,21,0.0,1.06,3.11
22,13,1.0,2.5,0.15
31,23,0.0,0.17,1.29
32,12,0.0,0.19,2.65
34,36,0.0,0.38,2.06
38,35,0.0,1.55,2.98
9,25,1.0,1.03,0.09
1,37,1.0,2.11,0.1
8,20,0.5,0.16,0.11
12,22,0.0,0.14,1.26
17,35,0.0,0.47,4.66
23,13,1.0,3.7,0.16
32,31,1.0,1.85,0.75
37,36,0.5,2.12,1.98
38,34,1.0,1.29,0.05
1,9,1.0,2.34,0.14
14,10,0.0,0.14,1.46
25,21,0.5,1.42,1.14
10,38,0.5,1.13,1.08
13,12,1.0,2.34,1.35
21,23,0.5,0.1,0.16
22,32,1.0,5.92,1.78
34,17,1.0,1.78,0.19
35,8,1.0,1.38,0.08
36,1,1.0,2.26,1.08
9,14,0.5,0.8,0.31
31,25,0.5,1.68,1.61
20,37,0.5,0.77,0.77
38,9,0.0,0.38,2.99
12,36,1.0,3.49,1.64
17,23,1.0,2.37,0.11
22,10,1.0,2.84,0.09
25,13,1.0,1.25,0.04
31,37,1.0,1.41,0.13
32,8,0.0,0.77,2.2
34,20,0.0,0.48,2.18
14,1,0.0,1.29,4.13
35,21,1.0,4.64,1.21
1,34,1.0,2.26,1.18
8,12,0.0,0.12,1.22
13,38,0.5,1.72,2.14
21,17,1.0,2.47,0.02
23,35,1.0,1.13,0.07
36,32,0.0,0.36,1.34
37,22,0.0,1.69,2.88
9,31,0.5,1.05,1.13
20,14,1.0,3.06,0.16
10,25,1.0,1.15,0.02
17,37,1.0,1.32,0.11
25,8,0.0,0.16,1.57
31,10,0.0,0.1,1.17
32,20,0.5,1.45,1.82
34,9,0.0,0.1,1.4
38,21,0.0,0.79,3.86
12,23,1.0,1.13,0.14
14,36,1.0,2.63,1.41
22,1,1.0,2.59,0.74
35,13,1.0,1.17,0.1
1,35,1.0,2.96,0.47
8,17,1.0,3.66,0.46
10,34,1.0,2.36,0.14
13,14,0.5,2.05,2.24
20,22,0.0,0.12,2.11
21,31,1.0,3.18,0.17
23,25,1.0,3.77,1.32
37,12,0.0,0.04,3.93
36,38,1.0,1.9,0.52
9,32,0.5,4.09,2.12
38,20,0.5,1.13,1.18
13,32,1.0,1.85,0.71
21,12,0.5,0.42,0.78
23,9,1.0,1.36,0.03
25,36,0.0,0.12,2.81
34,8,0.5,0.15,0.16
35,37,0.5,1.06,1.05
10,1,0.0,0.23,2.07
17,22,0.0,1.19,2.13
31,14,1.0,3.68,1.11
9,13,0.5,0.52,0.22
20,35,1.0,2.6,0.74
36,23,0.0,1.41,3.85
37,25,0.5,1.73,1.73
1,17,1.0,4.44,0.09
8,10,0.0,0.85,2.13
12,34,1.0,1.75,0.07
14,38,1.0,3.12,0.23
22,31,1.0,1.85,0.74
32,21,0.0,0.11,2.6
1,23,0.0,0.91,2.99
9,21,0.0,0.8,3.09
12,25,1.0,3.02,1.09
14,17,1.0,1.76,0.03
20,10,1.0,1.37,0.07
32,34,1.0,2.35,1.24
36,35,0.5,1.09,1.2
37,13,0.5,0.43,0.12
8,31,0.5,1.13,1.1
22,38,1.0,2.24,1.09
10,36,1.0,1.42,0.09
13,8,0.5,2.06,2.05
17,9,1.0,2.37,0.03
25,20,0.0,1.14,2.83
34,37,1.0,1.33,0.06
35,32,1.0,3.93,0.74
38,12,1.0,1.3,0.49
21,14,0.5,1.3,1.07
23,22,0.0,1.06,2.15
31,1,0.5,1.13,1.8
10,32,1.0,1.43,0.07
13,36,1.0,2.06,1.11
17,12,0.0,0.76,3.45
21,37,0.5,0.15,0.14
23,8,1.0,1.56,0.17
25,14,0.0,0.11,1.66
31,20,0.0,0.79,3.99
34,22,0.0,0.17,3.75
35,9,1.0,2.52,0.07
38,1,0.5,0.25,0.39
1,25,1.0,1.44,0.12
9,10,0.5,0.12,0.11
12,31,1.0,1.31,0.17
20,13,0.0,0.34,2.53
22,35,1.0,3.22,0.67
32,38,0.0,0.35,2.74
36,17,0.0,0.84,3.62
8,21,0.0,0.09,4.39
37,23,0.0,0.77,2.37
14,34,1.0,2.83,1.18
1,21,0.5,1.72,2.38
9,36,1.0,1.77,0.1
10,35,0.0,0.18,1.86
14,12,0.5,0.8,0.25
20,23,0.5,1.31,1.45
22,8,1.0,3.6,0.12
31,17,0.5,1.14,1.17
32,37,1.0,2.93,0.68
34,13,0.5,0.68,0.65
38,25,0.0,1.73,2.85
8,38,0.5,2.21,1.6
12,9,1.0,2.17,0.02
17,32,0.5,1.39,1.14
21,34,1.0,4.19,0.13
23,10,0.5,1.74,2.17
35,31,1.0,2.86,1.39
36,20,1.0,2.31,1.15
37,14,0.5,0.2,0.1
25,22,0.0,0.17,1.51
13,1,0.0,1.38,2.55
8,14,1.0,2.04,0.79
12,32,1.0,4.89,0.07
17,10,0.5,0.05,0.07
21,20,1.0,2.51,1.03
23,31,0.5,0.12,0.11
25,9,0.5,0.3,0.08
36,34,0.0,1.21,2.18
13,22,0.5,0.12,0.25
37,1,0.5,0.68,0.74
9,8,0.5,1.72,1.35
10,21,0.0,0.83,1.99
14,23,0.0,0.16,1.81
20,17,1.0,2.56,0.1
32,25,0.0,0.01,1.13
22,36,1.0,3.1,0.61
31,13,0.0,1.15,2.31
34,35,0.0,0.24,1.93
38,37,1.0,2.13,1.01
1,12,0.5,1.28,1.33
35,38,0.5,0.69,0.84
12,20,0.5,0.19,0.44
13,10,1.0,1.49,0.07
17,38,0.0,1.03,3.39
25,34,0.5,0.71,0.67
35,14,1.0,2.86,0.3
36,31,0.5,1.68,2.22
37,9,1.0,1.93,0.23
8,1,1.0,2.05,0.29
21,22,1.0,3.35,2.3
23,32,1.0,3.06,0.39
1,13,1.0,4.52,0.39
9,12,0.0,0.18,3.64
10,23,0.0,0.23,1.12
14,37,0.5,1.18,1.03
20,36,1.0,2.07,0.01
22,25,1.0,2.74,0.67
32,17,1.0,1.84,0.04
38,8,0.5,0.76,0.6
31,35,0.5,1.13,1.17
34,21,1.0,1.41,0.17
17,21,0.0,0.15,3.07
34,1,1.0,3.1,1.16
38,13,0.5,1.21,1.1
12,8,0.0,0.28,2.37
14,20,1.0,2.74,0.81
22,37,1.0,2.21,0.11
25,10,0.5,0.66,0.11
31,9,0.5,1.18,1.01
32,36,0.5,0.16,0.06
35,23,1.0,2.34,0.16
1,14,1.0,4.77,0.71
8,32,1.0,2.24,1.14
9,38,1.0,3.0,1.22
10,22,0.5,1.15,1.2
20,34,0.5,1.14,1.16
23,17,1.0,1.98,0.19
37,31,0.0,1.38,3.12
13,25,0.5,1.12,1.24
21,35,0.5,1.86,1.87
36,12,1.0,3.2,0.75
14,13,1.0,2.57,0.05
22,20,1.0,3.98,1.3
32,9,0.5,1.06,1.05
34,10,1.0,1.32,0.07
35,1,1.0,1.28,0.18
38,36,1.0,2.2,0.15
17,8,1.0,2.85,1.13
25,23,1.0,1.17,0.02
31,21,0.0,0.09,2.36
12,37,1.0,2.38,0.14
8,25,0.5,1.75,2.35
9,34,1.0,3.47,0.71
10,31,0.5,0.71,0.23
20,32,0.5,1.18,1.09
21,38,1.0,3.42,0.69
36,14,1.0,1.28,0.03
37,17,0.0,0.68,2.2
13,35,0.0,0.19,1.12
23,12,1.0,2.52,1.07
1,22,0.0,0.45,3.11
10,14,1.0,2.1,1.03
20,8,0.5,1.09,1.01
21,25,1.0,2.53,0.03
31,32,0.5,0.2,0.1
34,38,1.0,3.06,0.74
35,17,1.0,2.19,0.27
36,37,1.0,1.63,0.13
9,1,1.0,2.33,1.25
22,12,1.0,1.3,0.03
13,23,0.0,1.78,2.45
12,13,1.0,2.89,0.68
14,9,1.0,2.0,0.1
17,34,0.5,0.18,0.18
23,21,1.0,3.0,0.68
25,31,1.0,2.91,0.15
37,20,0.0,1.18,3.42
38,10,0.0,0.31,2.64
1,36,1.0,2.53,0.2
8,35,0.0,1.02,3.43
32,22,0.0,0.05,2.0
8,37,1.0,1.94,0.72
17,13,0.0,0.15,1.96
21,36,1.0,3.47,0.16
32,14,0.0,0.67,1.86
9,20,0.0,0.23,1.87
13,21,0.0,1.3,2.39
14,22,0.0,0.84,3.75
23,34,1.0,2.39,0.07
25,17,1.0,1.18,0.2
36,8,0.5,1.71,1.77
37,10,0.0,0.19,2.03
38,31,1.0,3.31,0.45
1,32,1.0,2.43,0.06
12,35,0.0,1.17,2.85
8,13,0.5,0.66,0.49
9,17,0.5,1.15,1.21
14,21,0.5,0.27,0.38
20,25,0.0,0.85,1.65
22,23,0.0,2.11,2.81
32,35,0.0,0.67,1.78
36,10,0.0,0.67,1.86
37,34,0.5,0.82,0.69
1,31,1.0,3.42,1.95
12,38,0.5,1.11,1.07
10,20,1.0,2.19,0.22
13,9,1.0,4.63,2.16
17,36,1.0,1.28,0.15
21,8,1.0,2.79,0.09
31,12,0.0,1.65,2.7
34,14,0.5,1.09,1.08
35,22,0.0,1.05,2.9
23,37,0.0,0.03,1.07
25,1,1.0,2.41,1.21
38,32,0.5,0.76,0.79
9,35,0.5,0.76,0.68
8,23,0.0,0.25,2.22
10,12,0.0,0.91,2.09
20,31,0.5,0.1,0.06
36,13,0.5,0.22,0.29
37,21,0.5,1.72,1.66
1,38,1.0,3.09,0.77
22,34,1.0,4.51,0.1
32,10,0.5,1.43,1.21
14,25,1.0,1.3,0.42
10,9,0.5,0.07,0.15
13,20,1.0,4.45,0.06
17,14,0.0,0.1,2.13
21,32,0.5,0.16,0.1
25,37,0.0,0.36,1.3
31,8,1.0,2.2,1.15
34,12,0.0,0.09,1.54
23,1,1.0,2.32,0.74
38,22,0.0,1.24,3.86
35,36,1.0,1.89,0.12
9,23,1.0,1.29,0.12
8,34,1.0,1.27,0.13
14,31,0.5,0.78,0.68
20,38,0.0,0.23,1.99
32,13,0.0,1.38,2.72
36,25,1.0,2.84,0.79
37,35,1.0,1.34,0.13
1,10,1.0,3.17,0.14
12,21,1.0,1.25,0.31
22,17,0.5,0.3,0.44
34,31,0.0,0.04,1.52
12,17,0.5,0.79,0.82
20,1,1.0,2.84,0.75
22,9,1.0,3.14,1.11
35,25,1.0,1.18,0.08
38,23,0.5,0.39,0.22
10,8,0.0,1.16,2.3
13,37,1.0,1.77,0.15
17,1,0.0,0.52,1.6
21,9,1.0,3.18,0.19
23,36,1.0,1.26,0.15
25,12,1.0,2.52,0.07
31,22,0.0,0.07,1.18
34,32,0.0,1.23,2.29
35,20,1.0,4.31,3.38
38,14,1.0,2.8,0.78
23,20,1.0,1.97,0.74
8,11,1.0,1.98,0.09
15,13,0.0,0.16,2.02
17,12,0.0,0.15,3.06
25,35,0.0,1.02,2.19
36,9,1.0,1.89,0.5
40,14,0.5,1.33,1.5
1,22,0.0,0.12,1.93
21,38,1.0,3.6,0.11
31,10,0.5,0.11,0.3
11,25,0.5,0.06,0.07
12,1,1.0,3.0,2.19
14,31,1.0,2.49,0.66
20,40,1.0,2.78,0.11
35,15,1.0,2.98,0.79
38,8,0.0,1.32,2.38
9,23,1.0,3.63,1.67
10,36,0.0,1.07,3.11
22,17,1.0,5.52,1.47
13,21,0.0,0.17,2.04
1,38,1.0,2.9,1.19
8,14,0.5,0.32,1.45
17,11,0.5,0.17,0.2
21,9,1.0,1.66,0.09
31,20,0.0,0.67,1.91
40,22,0.5,0.75,0.84
15,10,1.0,3.96,2.45
25,12,0.0,0.69,1.76
36,13,1.0,1.76,0.67
23,35,0.0,0.05,2.33
9,15,0.5,1.91,1.72
12,8,1.0,2.1,0.06
13,31,0.0,0.03,1.73
14,17,0.5,1.13,1.08
20,21,0.0,0.77,2.22
22,25,1.0,2.27,1.13
38,40,0.0,0.03,1.66
10,23,0.0,0.06,2.26
11,1,0.0,1.7,3.06
36,35,1.0,1.59,0.51
8,20,1.0,3.99,1.45
12,11,1.0,3.75,1.12
17,13,0.0,0.17,1.55
22,15,1.0,3.09,0.07
25,1,0.0,0.79,1.9
35,21,0.0,0.79,1.95
36,23,0.0,0.78,2.36
14,38,0.0,1.04,2.73
40,10,1.0,1.5,0.07
31,9,0.5,1.76,1.77
9,35,0.0,0.78,1.95
10,8,1.0,3.63,0.2
11,22,0.0,0.15,4.65
13,25,0.5,0.23,0.18
15,36,0.5,1.13,1.06
20,17,1.0,2.88,1.05
21,31,1.0,3.66,0.15
23,40,0.5,1.26,2.2
1,14,1.0,2.04,0.12
38,12,0.5,0.11,0.11
1,36,1.0,1.86,0.14
12,21,0.5,1.19,1.28
14,15,1.0,2.45,0.05
17,35,0.0,0.27,2.43
22,9,1.0,2.13,0.08
25,20,0.0,0.12,2.19
38,23,1.0,2.89,0.75
40,31,1.0,1.97,0.35
11,10,0.0,0.65,1.7
8,13,1.0,1.95,0.75
9,38,1.0,1.21,0.16
10,17,0.5,1.26,1.07
13,40,0.0,0.16,1.25
20,14,0.0,1.1,2.28
23,25,1.0,2.76,2.13
35,11,1.0,1.32,0.41
36,8,0.0,0.35,3.89
15,1,0.0,1.03,4.0
21,22,0.5,0.35,0.28
31,12,0.0,0.23,3.07
8,31,0.5,0.14,0.16
11,15,1.0,3.35,2.03
12,23,0.5,1.86,1.68
17,21,0.0,0.14,1.81
22,10,1.0,4.01,0.25
25,9,0.0,0.27,1.37
38,35,0.0,0.58,1.71
40,36,0.0,0.23,2.29
14,13,1.0,1.84,0.0
1,20,1.0,2.87,1.34
9,40,1.0,1.37,0.23
15,8,0.0,0.21,2.68
20,38,0.5,1.17,1.1
21,11,1.0,3.48,0.28
31,25,0.5,0.11,0.39
36,17,1.0,3.15,0.43
10,12,0.0,0.62,2.59
13,1,0.5,1.35,1.83
23,14,1.0,2.05,0.72
35,22,0.0,0.07,1.44
1,21,0.5,0.87,0.86
8,23,0.0,1.13,2.22
11,20,0.0,0.05,1.18
14,9,1.0,3.19,1.21
25,36,1.0,1.19,0.19
38,10,1.0,3.11,1.47
40,35,0.0,1.28,2.82
12,13,1.0,2.59,0.73
22,31,1.0,5.54,1.11
17,15,1.0,1.49,0.18
11,9,1.0,2.2,1.13
13,35,0.0,0.08,1.19
17,38,0.5,1.17,1.11
20,10,0.5,0.11,0.12
25,8,1.0,2.25,1.42
31,36,0.5,1.17,1.2
1,40,0.5,1.21,1.28
12,14,0.5,0.14,0.15
21,15,1.0,2.13,0.08
22,23,1.0,2.43,0.79
9,20,0.5,1.12,1.11
14,11,1.0,1.29,0.03
15,31,1.0,3.03,1.76
23,13,0.5,0.15,0.14
35,12,1.0,2.82,0.71
36,21,0.0,0.07,2.6
38,22,0.0,0.33,3.85
8,1,0.0,1.07,2.22
40,17,0.0,0.11,1.94
10,25,0.0,1.07,2.76
11,40,1.0,2.41,1.35
13,10,1.0,2.02,0.03
17,9,0.0,1.01,2.23
20,36,1.0,2.65,0.18
22,8,1.0,3.18,1.3
25,38,0.0,0.14,2.64
31,23,0.5,2.07,2.24
1,35,1.0,3.41,2.02
12,15,1.0,1.69,0.2
21,14,1.0,1.11,0.1
8,17,1.0,2.16,1.6
9,13,1.0,3.35,0.81
36,22,0.0,0.33,2.21
38,11,1.0,1.53,0.59
10,21,0.0,0.42,2.56
14,25,0.5,1.37,1.64
15,20,0.5,1.11,1.35
23,1,0.5,1.91,1.91
35,31,1.0,2.93,0.83
40,12,1.0,2.3,1.18
1,17,1.0,1.15,0.22
8,21,0.0,0.16,3.36
10,9,1.0,1.72,0.16
11,31,1.0,1.14,0.21
12,22,1.0,1.92,0.6
20,35,0.0,0.15,2.0
23,15,1.0,4.27,0.8
38,13,1.0,2.84,1.22
25,40,0.0,1.06,2.34
14,36,0.5,1.8,1.58
13,20,1.0,1.31,0.11
15,38,0.0,0.09,2.33
17,25,0.0,0.1,1.13
22,14,1.0,2.76,0.17
35,10,1.0,1.27,0.06
36,11,1.0,2.98,1.5
40,8,1.0,2.67,0.16
9,12,0.0,0.38,2.35
21,23,1.0,3.24,1.04
31,1,1.0,2.87,1.74
40,21,0.0,0.17,2.21
1,10,1.0,2.36,0.83
8,9,1.0,2.03,0.35
11,23,0.0,1.04,4.55
12,20,0.0,0.15,1.65
17,31,0.0,0.41,2.96
22,13,0.0,1.79,3.01
25,15,0.5,0.27,0.15
38,36,0.0,0.16,2.22
14,35,0.0,1.07,5.8
9,1,0.5,1.34,1.78
10,14,0.0,1.1,4.58
13,11,0.5,0.13,0.16
15,40,0.5,0.76,1.03
20,22,1.0,2.09,1.11
21,25,1.0,3.65,0.03
23,17,1.0,2.83,0.81
35,8,1.0,4.62,0.15
36,12,0.0,1.12,2.36
31,38,0.0,0.72,1.88
9,14,1.0,1.19,0.12
15,17,1.0,1.09,0.03
20,11,0.0,0.14,1.2
21,1,1.0,5.02,1.14
35,40,0.0,1.1,2.46
36,25,0.5,1.07,1.08
10,38,1.0,2.45,0.22
13,12,0.0,0.05,1.24
23,8,1.0,4.33,1.17
31,22,0.0,1.27,3.3
1,15,1.0,3.77,0.24
11,35,0.0,0.1,5.98
14,20,0.0,0.15,1.26
8,36,0.5,2.93,3.04
12,31,0.5,0.08,0.1
17,10,0.0,1.08,2.6
25,23,0.0,0.05,1.74
38,9,0.5,1.32,1.46
40,13,0.0,0.2,2.0
22,21,1.0,2.13,0.77
9,21,0.0,0.14,1.41
10,15,1.0,2.49,1.03
11,17,0.5,0.1,0.38
12,25,1.0,2.09,1.04
13,36,0.0,1.05,2.18
20,31,0.0,0.82,2.58
38,1,1.0,1.19,0.33
14,8,1.0,1.77,0.09
35,23,0.0,0.57,1.39
22,40,1.0,4.17,0.07
1,12,1.0,2.74,0.53
8,38,1.0,2.1,0.22
21,13,1.0,3.48,2.2
23,9,1.0,2.85,0.74
25,11,1.0,2.85,0.19
31,14,1.0,1.79,0.66
36,10,0.5,0.06,0.24
40,20,1.0,3.49,1.89
15,35,0.0,1.1,2.17
17,22,0.0,0.16,2.77
1,11,1.0,1.92,0.72
15,9,1.0,3.32,2.21
17,14,0.0,0.19,1.43
23,10,0.5,1.18,0.22
25,22,1.0,2.21,1.04
40,38,1.0,2.5,0.15
8,12,1.0,1.57,0.49
21,20,0.5,1.23,1.49
31,13,0.5,1.08,1.18
35,36,1.0,2.28,1.05
9,36,0.5,0.15,0.14
10,31,0.5,0.76,0.78
11,8,1.0,2.06,0.09
12,17,1.0,3.37,0.21
13,15,1.0,2.01,0.15
14,40,0.0,1.0,2.9
35,25,1.0,1.19,0.03
20,23,0.0,0.71,1.24
22,1,1.0,2.95,1.06
38,21,0.5,1.14,1.17
14,22,0.0,0.19,2.01
9,10,0.0,0.8,2.57
13,38,0.5,1.09,1.09
15,23,0.0,0.18,3.05
17,1,0.0,0.47,2.07
21,8,1.0,3.26,0.14
31,11,0.0,0.64,1.75
36,14,1.0,1.16,0.03
22,12,1.0,5.52,0.11
35,20,1.0,2.75,0.91
40,25,0.5,0.8,0.69
11,36,0.0,0.84,3.79
38,15,1.0,3.13,1.18
8,40,0.5,1.2,1.19
10,35,1.0,1.74,0.21
20,13,0.0,0.63,3.48
25,17,1.0,1.78,0.01
1,31,1.0,2.53,0.09
23,21,0.5,0.0,0.05
11,14,0.0,0.12,2.52
17,40,1.0,1.32,0.09
20,9,1.0,2.19,0.31
25,10,1.0,3.05,0.08
1,8,1.0,4.35,1.12
12,35,1.0,1.76,0.15
13,23,0.0,0.73,2.55
21,36,1.0,3.72,0.09
22,38,1.0,2.18,0.88
31,15,1.0,2.19,0.04
8,22,0.0,0.19,1.63
9,17,1.0,1.18,0.05
10,13,0.0,0.69,2.85
23,31,1.0,2.23,1.66
35,1,0.5,1.25,1.27
38,25,1.0,2.44,0.12
40,11,1.0,2.31,0.21
14,21,0.5,0.1,0.1
15,12,0.0,1.15,2.43
36,20,1.0,1.49,0.81
11,38,1.0,1.97,0.23
13,9,0.0,0.58,2.19
17,8,0.0,0.6,2.11
20,15,1.0,2.95,0.88
22,36,1.0,2.41,0.77
25,14,1.0,2.71,2.06
31,35,1.0,2.15,1.1
1,23,1.0,2.44,0.11
12,40,0.5,0.75,0.47
21,10,1.0,3.75,1.86
8,25,0.5,1.83,1.75
10,20,0.0,1.05,2.23
38,17,1.0,3.94,2.97
14,12,1.0,1.89,0.05
15,21,0.0,0.77,2.04
9,31,0.0,0.03,1.25
10,40,1.0,2.17,0.05
13,17,1.0,2.0,0.04
15,22,0.0,0.19,2.5
20,8,1.0,1.96,0.07
23,36,1.0,1.97,0.42
38,14,0.0,0.26,2.48
11,12,0.0,0.23,1.8
21,35,1.0,3.08,0.66
1,25,1.0,2.21,0.08
36,15,1.0,3.8,1.19
40,23,1.0,2.18,1.17
12,9,1.0,2.73,0.05
22,11,1.0,2.37,0.16
35,13,1.0,1.84,0.1
31,21,0.0,1.31,2.99
8,10,0.0,1.01,2.96
17,20,0.0,0.86,3.38
25,13,0.0,0.23,1.26
14,1,1.0,1.44,0.07
12,38,1.0,2.15,0.11
20,25,0.0,0.1,1.91
9,8,0.0,0.23,4.07
10,11,1.0,1.98,0.15
15,14,1.0,1.78,0.07
23,38,1.0,2.2,0.86
31,40,1.0,3.0,1.2
35,17,1.0,3.53,0.13
13,22,0.0,0.79,2.72
21,12,1.0,2.0,0.03
36,1,0.0,0.34,1.68
9,11,0.0,0.12,2.24
8,15,0.0,0.06,1.25
17,36,0.0,0.63,1.73
22,35,1.0,1.32,0.07
25,31,1.0,3.04,0.86
38,20,0.5,1.7,1.85
40,9,0.5,0.31,0.87
1,13,0.0,0.56,2.82
11,21,0.0,0.08,1.82
14,23,1.0,3.66,0.04
12,10,0.5,2.13,2.52
35,9,1.0,1.13,0.02
36,31,0.5,1.27,1.11
23,22,0.0,0.16,1.74
40,1,1.0,3.55,0.78
21,17,1.0,4.23,0.15
9,25,0.5,1.36,1.07
13,14,0.5,0.09,0.1
15,11,1.0,1.28,0.03
31,8,0.5,2.79,2.73
35,38,0.0,0.45,1.32
36,40,0.0,0.92,2.3
10,22,0.0,0.18,1.45
20,1,1.0,2.7,0.09
23,12,0.5,1.1,1.17
14,10,1.0,2.44,0.08
8,35,1.0,1.1,0.23
11,13,0.0,1.78,3.16
25,21,0.0,1.71,3.25
38,31,1.0,2.29,0.23
40,15,1.0,1.39,0.1
1,9,0.5,1.14,1.23
12,36,1.0,2.6,0.21
17,23,0.5,1.13,1.12
22,20,1.0,1.24,0.14
9,22,0.0,1.22,3.57
10,1,0.0,0.72,2.73
13,8,1.0,4.76,2.52
15,25,0.0,0.13,3.62
20,12,0.5,0.1,0.1
21,40,1.0,2.2,0.26
23,11,0.0,0.18,2.05
31,17,0.5,1.15,1.15
35,14,0.5,1.82,1.81
36,38,0.0,0.51,3.7
21,26,1.0,4.56,0.67
38,22,0.0,0.2,3.92
8,30,0.5,0.24,0.55
10,31,1.0,2.65,0.21
13,14,0.5,0.08,0.41
36,9,0.0,0.21,2.53
35,2,1.0,2.82,1.05
20,40,0.5,0.17,0.33
25,1,0.0,0.09,1.41
23,12,1.0,3.35,0.13
1,10,1.0,2.27,1.16
2,8,0.0,0.81,2.24
9,38,0.5,0.83,0.75
14,36,1.0,1.62,0.02
26,25,1.0,2.82,0.77
31,21,0.0,0.73,2.03
22,35,0.5,2.04,2.01
30,13,1.0,1.25,0.1
12,20,0.5,1.24,1.1
40,23,0.5,1.04,1.17
2,14,1.0,2.09,0.17
26,12,0.0,2.09,3.28
9,31,0.0,0.11,1.87
23,13,0.0,0.65,2.12
30,20,0.0,0.77,1.97
36,38,0.0,1.13,2.74
21,1,1.0,3.1,0.74
8,22,0.0,1.05,2.91
35,25,0.0,0.2,1.53
40,10,0.5,1.05,1.26
31,23,0.5,1.06,1.07
12,30,0.5,2.22,1.67
13,2,1.0,2.15,0.14
20,8,1.0,2.97,1.06
22,9,1.0,3.79,0.19
25,36,0.5,1.47,1.29
38,26,1.0,1.97,0.34
10,21,0.0,0.16,2.96
14,40,1.0,3.62,1.85
1,35,0.5,2.21,2.02
21,25,1.0,3.3,1.82
9,10,0.5,0.67,1.02
23,20,1.0,1.48,0.14
30,31,0.0,0.25,1.79
35,13,1.0,4.46,0.25
40,12,0.0,1.36,3.57
26,22,1.0,2.98,1.9
8,14,1.0,2.98,1.14
36,1,0.5,1.95,2.09
2,38,0.5,0.28,0.26
31,8,0.0,0.83,2.92
20,35,1.0,2.14,1.08
10,26,1.0,2.29,0.39
14,30,0.0,0.21,2.23
22,36,1.0,6.86,0.1
25,9,0.5,0.23,0.23
13,40,0.5,0.79,0.8
38,23,1.0,1.97,0.04
1,2,1.0,2.86,1.45
12,21,0.0,0.8,2.18
30,21,0.0,0.15,1.19
2,10,0.5,1.64,1.8
8,38,0.5,1.68,1.74
12,9,1.0,1.8,0.07
13,26,1.0,1.77,0.19
35,31,1.0,2.35,1.11
40,36,1.0,2.16,0.25
14,22,0.0,1.45,2.9
20,25,1.0,3.76,0.54
23,1,0.5,1.13,1.21
9,35,1.0,2.8,0.13
10,14,1.0,1.2,0.18
21,20,1.0,1.94,0.71
26,2,0.0,0.77,4.21
36,30,0.5,0.38,0.13
38,13,0.0,0.72,2.11
1,8,1.0,1.65,0.06
22,40,0.0,0.11,1.55
31,12,0.0,1.26,3.78
25,23,1.0,1.14,0.09
14,38,1.0,2.07,0.15
2,9,1.0,2.14,1.15
8,26,0.5,0.1,0.08
12,25,1.0,1.11,0.04
20,10,1.0,3.43,1.13
35,36,0.5,1.13,1.05
40,31,0.5,0.77,0.83
13,22,0.0,0.07,2.29
23,21,0.5,1.15,1.06
30,1,1.0,1.39,0.43
31,20,0.0,0.23,5.08
22,2,1.0,2.64,0.17
9,14,1.0,2.78,1.71
36,8,0.5,0.14,0.1
38,30,0.5,1.13,1.18
10,12,0.0,1.54,3.86
25,40,0.5,1.09,1.21
1,13,0.5,2.14,1.95
21,35,1.0,2.09,1.35
26,23,0.0,0.79,3.02
8,23,1.0,1.53,0.25
1,40,0.5,1.24,1.26
2,21,0.0,1.06,2.12
9,26,1.0,1.89,0.05
22,31,1.0,2.16,1.04
30,10,1.0,3.91,0.09
38,25,0.0,1.59,3.08
36,12,0.0,0.4,2.61
13,20,0.0,0.03,1.74
14,35,0.5,0.59,0.73
26,36,0.0,0.17,2.45
12,13,1.0,1.8,0.26
10,38,1.0,3.2,0.11
25,8,1.0,2.4,1.29
31,14,0.0,0.79,2.25
35,30,0.5,0.83,0.78
20,1,1.0,1.9,0.05
23,9,1.0,2.99,0.86
40,2,1.0,2.08,0.9
21,22,1.0,3.04,0.88
38,35,0.0,1.51,2.91
1,31,0.5,1.89,1.86
8,40,0.0,0.86,3.02
9,20,0.0,0.18,2.05
13,21,0.0,0.17,1.85
14,26,0.0,0.09,1.96
36,10,0.0,0.26,2.34
22,12,1.0,3.24,1.0
30,23,0.5,2.55,2.37
2,25,1.0,2.69,0.09
25,22,0.5,1.72,1.23
10,13,0.0,0.11,2.53
12,38,0.0,0.17,1.16
21,9,1.0,2.37,0.77
35,8,1.0,2.03,0.28
31,36,1.0,2.06,1.2
26,1,0.5,2.25,1.99
40,30,0.5,1.12,1.17
20,14,1.0,2.37,1.1
23,2,0.5,1.22,1.87
13,8,1.0,1.57,0.11
10,22,0.0,0.69,3.29
12,2,1.0,2.25,1.17
20,36,1.0,1.82,0.05
23,35,1.0,2.56,1.11
31,26,1.0,2.76,0.73
40,38,1.0,1.99,0.23
21,14,1.0,4.77,2.35
30,25,0.0,0.28,1.85
1,9,0.0,0.88,2.13
14,12,1.0,1.68,0.79
8,21,0.0,0.12,3.15
35,10,1.0,3.72,0.12
36,13,0.5,0.03,0.02
22,23,0.0,0.89,2.28
2,20,0.0,1.25,3.69
25,31,1.0,1.46,0.69
26,30,0.0,1.11,2.32
9,40,0.5,2.13,2.04
38,1,0.0,1.13,2.95
21,36,1.0,2.69,0.17
10,25,1.0,1.21,0.3
12,8,0.0,0.2,1.17
20,26,0.5,1.22,1.26
30,2,1.0,1.74,0.01
31,38,0.0,0.09,1.4
23,14,0.5,1.06,1.14
40,35,0.0,0.62,2.23
1,22,0.0,0.38,3.33
13,9,0.5,0.77,0.83
14,1,0.5,0.3,0.31
2,31,0.0,0.72,2.85
8,10,0.0,0.01,1.36
9,30,0.0,0.19,1.43
25,13,1.0,1.5,0.12
26,40,0.0,1.04,2.26
22,20,1.0,3.03,1.15
36,23,1.0,1.65,0.07
35,12,0.0,0.11,2.46
35,9,1.0,2.22,1.07
2,26,1.0,1.45,0.05
8,1,0.5,1.26,2.02
12,31,0.0,0.37,2.0
13,38,1.0,1.94,0.71
14,10,1.0,1.22,0.04
30,36,0.5,1.07,1.22
23,25,1.0,3.92,1.24
20,21,0.0,0.14,2.02
40,22,1.0,2.83,1.62
9,8,1.0,1.97,0.23
25,14,0.0,0.71,2.18
31,13,0.5,0.46,0.64
36,2,1.0,2.79,0.11
26,35,0.5,1.73,1.83
38,20,0.0,1.18,2.17
10,23,0.0,0.45,1.92
1,12,0.0,1.28,2.14
21,40,1.0,1.96,0.13
22,30,1.0,1.72,0.12
9,12,0.5,1.21,1.08
10,2,0.0,0.91,2.28
25,20,0.0,0.19,2.59
31,35,1.0,2.19,0.23
36,40,1.0,2.17,0.9
22,14,1.0,1.8,0.15
26,13,0.5,1.16,1.56
38,8,1.0,4.35,0.52
1,23,1.0,2.95,0.13
21,30,1.0,2.32,0.07
30,38,1.0,1.65,0.12
13,1,0.5,1.35,1.08
12,10,1.0,3.35,0.11
14,9,1.0,1.49,0.06
20,31,0.0,1.06,2.64
23,26,1.0,3.69,0.14
40,25,0.5,1.36,1.29
35,21,0.0,0.1,1.44
8,36,0.0,0.3,2.67
2,22,0.0,0.65,5.57
36,35,0.5,0.13,0.09
1,30,0.5,1.07,1.01
9,2,0.5,1.16,1.3
22,13,0.5,1.17,1.83
26,8,1.0,2.68,0.13
31,40,0.0,2.02,2.34
38,14,0.5,1.27,1.26
25,12,1.0,1.26,0.12
10,20,1.0,2.15,1.05
21,23,1.0,2.07,0.11
2,36,1.0,2.06,1.24
8,9,1.0,2.89,0.79
13,31,0.0,0.2,2.03
14,25,0.5,1.4,1.79
30,22,0.0,0.21,1.12
12,1,0.5,1.78,1.87
20,38,1.0,3.63,0.34
35,26,1.0,2.27,0.67
23,10,0.0,0.09,1.84
40,21,0.0,0.71,2.47
38,21,0.0,0.04,2.3
20,12,0.5,0.22,1.39
8,2,1.0,2.33,0.82
13,30,0.0,0.51,1.17
21,31,1.0,3.04,0.16
25,26,0.5,0.03,0.07
36,14,0.0,2.05,3.13
38,9,0.5,2.74,2.6
23,40,0.5,0.11,0.14
10,1,0.5,0.19,0.17
35,22,1.0,2.06,0.19
14,13,1.0,2.87,0.78
9,36,0.5,1.13,1.12
30,8,1.0,2.22,1.14
40,20,0.5,0.16,0.54
31,10,0.0,1.04,2.56
26,21,0.0,0.46,1.59
2,35,0.0,1.81,3.05
1,25,1.0,3.13,0.06
12,23,0.0,0.67,2.27
22,38,1.0,2.49,0.12
12,35,1.0,1.81,0.63
10,8,1.0,2.58,0.12
13,25,1.0,1.32,0.19
30,9,0.5,1.27,1.09
31,2,1.0,2.08,0.23
20,22,0.0,0.03,1.17
23,36,1.0,2.66,0.1
40,26,1.0,3.12,0.12
1,14,1.0,2.86,2.32
21,38,1.0,3.16,1.71
26,20,1.0,1.12,0.02
9,13,0.0,0.15,1.37
8,12,0.5,1.73,1.88
25,10,0.5,0.34,0.31
38,31,1.0,2.98,1.1
36,21,1.0,2.34,0.04
14,23,0.5,1.08,1.18
35,40,0.0,2.06,3.13
21,8,1.0,2.65,1.2
1,38,1.0,1.47,0.18
13,36,1.0,1.28,0.17
30,26,1.0,2.62,0.16
31,25,0.0,0.19,1.18
40,9,0.5,0.82,0.25
10,35,0.5,1.23,1.55
12,14,1.0,3.46,0.07
23,22,1.0,2.03,0.21
20,2,1.0,3.38,0.18
2,30,0.5,0.14,0.13
22,1,1.0,3.26,0.23
26,31,0.0,0.08,2.49
35,23,0.5,1.25,1.2
36,20,0.5,0.16,0.7
9,1,1.0,2.31,0.76
38,40,0.0,0.08,2.01
8,13,0.0,0.5,2.27
25,30,1.0,2.56,0.3
2,12,0.0,1.13,2.12
14,21,0.5,0.06,0.12
22,10,1.0,5.0,0.32
20,9,0.5,0.41,0.16
35,38,1.0,1.86,0.14
23,30,1.0,3.12,0.11
25,2,0.5,0.42,0.86
26,14,0.0,0.25,1.07
40,8,1.0,1.24,0.23
21,13,1.0,3.73,0.18
10,36,1.0,1.23,0.03
31,1,0.0,0.73,2.04
12,22,1.0,2.24,0.4
2,40,0.0,0.04,1.17
36,31,0.0,0.8,1.78
13,10,0.0,0.12,1.74
9,23,0.0,0.63,2.95
1,26,1.0,2.72,0.08
8,25,0.0,0.78,3.32
14,20,1.0,2.21,0.78
38,12,1.0,2.89,1.68
30,35,1.0,2.43,0.46
22,21,1.0,3.98,0.13
26,9,0.0,0.25,1.36
20,13,1.0,2.67,0.18
23,8,1.0,4.7,1.68
40,1,0.0,0.25,2.21
12,36,1.0,2.99,0.12
10,30,0.5,1.01,1.11
25,38,0.5,1.46,1.9
21,2,1.0,2.75,0.11
31,22,1.0,1.57,0.15
35,14,1.0,1.3,0.36
13,12,0.0,1.76,2.86
36,26,1.0,2.12,1.19
1,20,0.5,1.19,1.24
22,25,1.0,4.32,0.38
30,40,1.0,1.23,0.17
38,10,0.0,0.32,1.58
9,21,0.0,1.06,2.84
8,35,0.5,0.14,0.08
14,31,0.5,1.19,1.12
2,23,0.0,0.1,2.74
26,38,0.0,0.26,3.65
36,25,1.0,2.13,1.05
21,10,0.5,1.08,1.21
30,12,1.0,2.97,0.2
9,22,0.0,0.31,4.51
40,14,1.0,2.72,0.16
2,13,1.0,2.41,0.15
35,1,1.0,2.35,1.48
8,20,1.0,2.63,1.13
23,31,0.5,2.0,2.19
12,26,1.0,1.39,0.09
10,40,0.5,0.48,0.73
22,8,1.0,2.47,0.7
25,35,0.0,0.83,2.55
1,21,1.0,2.27,1.78
14,2,0.5,0.72,0.73
20,30,1.0,2.06,0.09
13,23,0.0,0.19,2.15
31,9,0.5,1.14,1.17
38,36,1.0,3.26,0.59
26,10,0.0,0.28,2.1
8,31,0.0,0.14,2.06
35,20,1.0,3.36,0.42
9,25,0.5,0.14,0.06
30,14,0.0,0.36,1.33
40,13,1.0,2.0,0.25
36,22,0.0,0.18,3.7
2,1,1.0,1.48,0.53
23,38,0.5,1.04,1.1
21,12,1.0,4.84,2.55
1,36,1.0,3.3,1.85
10,9,0.0,1.04,2.15
12,40,1.0,2.27,0.08
13,35,0.5,1.12,1.34
14,8,0.0,1.17,2.97
20,23,0.0,0.06,1.89
22,26,1.0,3.76,0.24
25,21,0.0,1.11,2.88
31,30,1.0,2.69,1.13
38,2,0.5,0.28,0.74
15,1,0.0,0.22,2.74
13,31,1.0,1.32,0.3
21,19,1.0,3.9,2.82
38,25,0.0,0.13,1.96
37,20,0.0,0.12,2.72
35,14,0.0,0.07,1.58
9,12,0.0,0.73,2.88
30,40,0.0,0.22,2.32
14,37,1.0,3.4,1.81
19,15,1.0,2.52,1.25
23,13,0.0,0.81,2.65
1,38,1.0,2.64,1.18
31,35,0.0,1.67,3.97
25,9,0.0,0.25,2.99
12,21,0.0,0.34,1.87
20,10,1.0,2.76,1.68
2,30,1.0,1.21,0.06
40,22,0.0,0.83,3.44
9,23,0.0,1.78,3.09
13,14,0.0,1.19,2.48
37,12,0.5,2.94,2.42
10,31,0.0,0.17,1.47
30,19,0.0,0.16,1.25
35,25,0.5,1.16,1.27
22,20,0.0,1.66,2.4
38,40,1.0,3.58,0.21
15,2,0.0,0.24,3.18
21,1,1.0,3.17,1.08
12,13,1.0,1.92,0.07
14,9,1.0,2.36,1.9
19,22,0.5,1.23,1.25
25,10,1.0,2.6,0.7
20,38,0.0,0.14,3.13
31,37,1.0,1.99,0.19
1,30,1.0,2.27,0.39
40,15,1.0,1.35,0.05
23,35,0.0,1.07,6.03
2,21,1.0,6.09,1.75
14,21,0.5,1.8,1.71
12,31,0.5,2.67,1.86
22,1,1.0,2.15,0.28
25,23,0.0,1.11,3.39
30,15,0.5,0.79,0.82
13,9,0.5,1.13,1.25
35,38,0.5,2.96,2.49
20,2,0.0,0.11,1.07
37,10,0.5,0.22,0.1
19,40,0.0,0.06,1.13
2,19,0.0,0.05,1.85
38,22,0.5,1.14,1.42
15,13,0.0,0.74,2.07
23,12,0.5,0.34,0.36
21,30,1.0,2.37,1.02
31,14,1.0,2.31,0.08
40,25,0.5,0.82,0.75
1,20,0.0,0.16,1.42
9,37,0.5,1.29,1.7
10,35,0.0,0.07,1.3
40,13,1.0,2.51,0.43
30,22,0.0,0.41,1.41
10,12,0.0,0.19,2.6
21,38,1.0,2.09,1.07
2,31,0.0,0.49,3.81
25,14,1.0,1.75,0.62
23,1,0.0,0.15,1.86
35,9,1.0,1.76,0.77
15,37,1.0,2.27,0.15
19,20,0.0,0.89,3.8
9,10,0.5,0.77,0.2
31,25,1.0,2.03,0.09
14,23,0.0,1.11,3.18
13,19,1.0,4.13,1.18
12,30,1.0,3.52,1.25
38,15,1.0,1.27,0.1
37,35,0.0,0.07,1.14
20,40,1.0,1.33,0.07
22,21,0.5,1.25,1.14
1,2,0.0,0.31,2.51
25,12,0.0,0.29,2.1
2,9,0.0,0.92,2.15
35,22,1.0,1.87,0.2
23,37,1.0,1.19,0.1
15,14,0.0,1.68,3.26
30,38,0.0,0.11,1.66
19,1,0.5,0.08,0.16
21,20,1.0,3.06,0.08
10,13,1.0,1.27,0.16
40,31,0.5,0.83,0.84
13,25,0.0,0.05,1.34
9,21,0.5,0.4,0.76
22,10,1.0,3.98,0.04
14,19,0.0,0.13,1.22
37,30,1.0,1.33,0.18
31,23,0.0,2.08,2.8
12,35,0.5,0.22,0.23
1,40,0.0,1.11,2.36
20,15,0.0,0.97,2.72
38,2,1.0,2.36,1.16
10,14,0.5,1.1,1.12
22,15,1.0,3.43,0.12
38,23,0.0,1.19,2.97
12,19,1.0,3.41,1.1
37,13,0.0,1.19,2.63
30,20,0.0,1.12,2.5
35,1,1.0,2.63,0.22
21,40,1.0,3.25,0.11
9,31,0.0,1.06,2.13
19,38,0.0,1.05,2.15
40,2,0.0,0.21,1.21
25,37,1.0,2.04,0.68
23,22,0.5,0.07,0.08
14,12,1.0,1.41,0.12
31,30,1.0,2.85,0.26
13,35,0.5,1.08,1.06
15,21,0.5,1.18,1.27
1,10,0.0,0.13,1.69
20,9,1.0,4.18,0.13
40,12,1.0,1.92,0.82
22,37,0.5,1.34,1.25
1,31,0.5,1.24,1.17
19,25,1.0,4.18,1.73
20,14,0.0,0.03,2.06
15,9,0.5,0.1,0.28
21,35,1.0,2.56,1.22
38,13,0.5,1.03,1.04
2,10,0.5,0.09,0.03
30,23,0.0,1.85,2.9
13,21,0.0,0.17,5.61
31,22,0.0,0.11,1.39
14,1,1.0,2.34,1.22
25,15,0.5,1.18,1.1
9,30,0.5,0.77,0.52
35,20,0.0,0.14,1.91
23,19,1.0,5.57,1.78
37,2,0.0,0.21,2.52
10,40,1.0,2.45,0.38
12,38,1.0,2.34,0.11
20,23,0.5,1.83,1.9
2,13,1.0,2.69,0.17
15,31,0.5,0.04,0.12
1,12,1.0,2.95,0.82
22,25,1.0,1.85,0.38
30,14,0.0,0.13,1.31
19,10,1.0,1.86,0.08
38,9,0.5,1.09,1.81
21,37,0.5,1.08,1.13
40,35,0.5,1.12,1.09
13,20,0.5,0.79,0.87
12,2,0.5,1.24,1.75
9,1,0.0,0.1,2.22
10,30,1.0,1.3,0.1
31,38,0.5,0.24,0.8
37,19,0.0,0.01,4.82
23,40,1.0,1.23,0.23
25,21,0.5,0.54,0.29
14,38,0.0,0.03,1.17
23,2,1.0,2.14,0.81
35,19,1.0,2.86,0.13
13,30,1.0,2.33,0.04
9,40,0.5,2.71,3.21
37,1,0.0,0.15,3.76
25,20,0.0,0.7,1.56
12,22,0.0,0.85,3.18
31,21,1.0,1.22,0.51
